Deformação : Distância inicial Axial (Fonte de Deformação);"-20,000";
Dimensão : Altura da bigorna;"20,000";mm
Dimensão : Área;"304,805";mm^2
Máximo Esforço à compressiva : Carga compressivaemMáximo Esforço à compressiva;"8,286";N
Máximo Esforço à compressiva : Deformaçao compressivaemMáximo Esforço à compressiva;"1,219";%
Máximo Esforço à compressiva : EnergiaemMáximo Esforço à compressiva;"0,001";J
Máximo Esforço à compressiva : Máximo Esforço à compressiva;"0,027";MPa
Máximo Esforço à compressiva : Extensão compressivaemMáximo Esforço à compressiva;"0,244";mm
Máximo Esforço à compressiva : TempoemMáximo Esforço à compressiva;"7,31200";sec
Máximo Extensão compressiva : Carga compressivaemMáximo Extensão compressiva;"0,000";N
Máximo Extensão compressiva : Deformaçao compressivaemMáximo Extensão compressiva;"2,017";%
Máximo Extensão compressiva : EnergiaemMáximo Extensão compressiva;"0,001";J
Máximo Extensão compressiva : Máximo Extensão compressiva;"0,403";mm
Máximo Extensão compressiva : TempoemMáximo Extensão compressiva;"12,10200";sec
Módulo (Automático) : Módulo (Automático);"12,345";MPa

Tempo;Extensão;Carga;Deformaçao compressiva;Esforço à compressiva;Extensão compressiva;Carga compressiva
(sec);(mm);(N);(mm/mm);(MPa);(mm);(N)
"0,00000";"0,00000";"-0,00003";"0,000";"0,000";"0,000";"0,000"
"0,10000";"-0,00262";"0,00007";"0,000";"0,000";"0,003";"0,000"
"0,20000";"-0,00659";"0,00008";"0,000";"0,000";"0,007";"0,000"
"0,30000";"-0,01012";"0,00009";"0,001";"0,000";"0,010";"0,000"
"0,40000";"-0,01323";"0,00012";"0,001";"0,000";"0,013";"0,000"
"0,50000";"-0,01666";"0,00006";"0,001";"0,000";"0,017";"0,000"
"0,60000";"-0,02009";"0,00003";"0,001";"0,000";"0,020";"0,000"
"0,70000";"-0,02325";"0,00001";"0,001";"0,000";"0,023";"0,000"
"0,80000";"-0,02668";"-0,00002";"0,001";"0,000";"0,027";"0,000"
"0,90000";"-0,03005";"-0,00009";"0,002";"0,000";"0,030";"0,000"
"1,00000";"-0,03321";"0,00000";"0,002";"0,000";"0,033";"0,000"
"1,10000";"-0,03670";"-0,00009";"0,002";"0,000";"0,037";"0,000"
"1,20000";"-0,04002";"0,00000";"0,002";"0,000";"0,040";"0,000"
"1,30000";"-0,04329";"0,00007";"0,002";"0,000";"0,043";"0,000"
"1,40000";"-0,04666";"0,00001";"0,002";"0,000";"0,047";"0,000"
"1,50000";"-0,05004";"0,00009";"0,003";"0,000";"0,050";"0,000"
"1,60000";"-0,05330";"0,00004";"0,003";"0,000";"0,053";"0,000"
"1,70000";"-0,05668";"0,00002";"0,003";"0,000";"0,057";"0,000"
"1,80000";"-0,06000";"-0,00100";"0,003";"0,000";"0,060";"0,001"
"1,82200";"-0,06086";"-0,02829";"0,003";"0,000";"0,061";"0,028"
"1,83200";"-0,06118";"-0,05608";"0,003";"0,000";"0,061";"0,056"
"1,84000";"-0,06150";"-0,08395";"0,003";"0,000";"0,061";"0,084"
"1,84800";"-0,06177";"-0,11550";"0,003";"0,000";"0,062";"0,116"
"1,85400";"-0,06193";"-0,14096";"0,003";"0,000";"0,062";"0,141"
"1,86000";"-0,06214";"-0,16840";"0,003";"0,001";"0,062";"0,168"
"1,86600";"-0,06230";"-0,19867";"0,003";"0,001";"0,062";"0,199"
"1,87200";"-0,06246";"-0,23239";"0,003";"0,001";"0,062";"0,232"
"1,87800";"-0,06268";"-0,26862";"0,003";"0,001";"0,063";"0,269"
"1,88200";"-0,06279";"-0,29388";"0,003";"0,001";"0,063";"0,294"
"1,88600";"-0,06289";"-0,31950";"0,003";"0,001";"0,063";"0,320"
"1,89000";"-0,06300";"-0,34503";"0,003";"0,001";"0,063";"0,345"
"1,89600";"-0,06316";"-0,38225";"0,003";"0,001";"0,063";"0,382"
"1,90200";"-0,06337";"-0,41724";"0,003";"0,001";"0,063";"0,417"
"1,90800";"-0,06354";"-0,44907";"0,003";"0,001";"0,064";"0,449"
"1,91400";"-0,06375";"-0,47727";"0,003";"0,002";"0,064";"0,477"
"1,92000";"-0,06391";"-0,50228";"0,003";"0,002";"0,064";"0,502"
"1,92800";"-0,06418";"-0,53147";"0,003";"0,002";"0,064";"0,531"
"1,93600";"-0,06445";"-0,55863";"0,003";"0,002";"0,064";"0,559"
"1,94400";"-0,06471";"-0,58792";"0,003";"0,002";"0,065";"0,588"
"1,95000";"-0,06493";"-0,61344";"0,003";"0,002";"0,065";"0,613"
"1,95600";"-0,06509";"-0,64342";"0,003";"0,002";"0,065";"0,643"
"1,96200";"-0,06530";"-0,67827";"0,003";"0,002";"0,065";"0,678"
"1,96600";"-0,06546";"-0,70418";"0,003";"0,002";"0,065";"0,704"
"1,97000";"-0,06557";"-0,73207";"0,003";"0,002";"0,066";"0,732"
"1,97400";"-0,06573";"-0,76174";"0,003";"0,002";"0,066";"0,762"
"1,97800";"-0,06589";"-0,79291";"0,003";"0,003";"0,066";"0,793"
"1,98200";"-0,06600";"-0,82528";"0,003";"0,003";"0,066";"0,825"
"1,98600";"-0,06616";"-0,85852";"0,003";"0,003";"0,066";"0,859"
"1,99000";"-0,06632";"-0,89241";"0,003";"0,003";"0,066";"0,892"
"1,99400";"-0,06643";"-0,92681";"0,003";"0,003";"0,066";"0,927"
"1,99800";"-0,06659";"-0,96170";"0,003";"0,003";"0,067";"0,962"
"2,00200";"-0,06675";"-0,99697";"0,003";"0,003";"0,067";"0,997"
"2,00600";"-0,06686";"-1,03241";"0,003";"0,003";"0,067";"1,032"
"2,01000";"-0,06702";"-1,06782";"0,003";"0,004";"0,067";"1,068"
"2,01400";"-0,06712";"-1,10266";"0,003";"0,004";"0,067";"1,103"
"2,01800";"-0,06729";"-1,13818";"0,003";"0,004";"0,067";"1,138"
"2,02200";"-0,06739";"-1,17279";"0,003";"0,004";"0,067";"1,173"
"2,02600";"-0,06755";"-1,20675";"0,003";"0,004";"0,068";"1,207"
"2,03000";"-0,06766";"-1,23898";"0,003";"0,004";"0,068";"1,239"
"2,03400";"-0,06777";"-1,27012";"0,003";"0,004";"0,068";"1,270"
"2,03800";"-0,06793";"-1,29969";"0,003";"0,004";"0,068";"1,300"
"2,04200";"-0,06804";"-1,32789";"0,003";"0,004";"0,068";"1,328"
"2,04600";"-0,06820";"-1,35464";"0,003";"0,004";"0,068";"1,355"
"2,05000";"-0,06830";"-1,37989";"0,003";"0,005";"0,068";"1,380"
"2,05600";"-0,06852";"-1,41527";"0,003";"0,005";"0,069";"1,415"
"2,06200";"-0,06868";"-1,44807";"0,003";"0,005";"0,069";"1,448"
"2,06800";"-0,06889";"-1,47869";"0,003";"0,005";"0,069";"1,479"
"2,07400";"-0,06911";"-1,50757";"0,003";"0,005";"0,069";"1,508"
"2,08000";"-0,06927";"-1,53575";"0,003";"0,005";"0,069";"1,536"
"2,08600";"-0,06948";"-1,56477";"0,003";"0,005";"0,069";"1,565"
"2,09200";"-0,06970";"-1,59588";"0,003";"0,005";"0,070";"1,596"
"2,09800";"-0,06991";"-1,62985";"0,003";"0,005";"0,070";"1,630"
"2,10400";"-0,07012";"-1,66744";"0,004";"0,005";"0,070";"1,667"
"2,10800";"-0,07029";"-1,69463";"0,004";"0,006";"0,070";"1,695"
"2,11200";"-0,07045";"-1,72341";"0,004";"0,006";"0,070";"1,723"
"2,11600";"-0,07061";"-1,75351";"0,004";"0,006";"0,071";"1,754"
"2,12000";"-0,07071";"-1,78472";"0,004";"0,006";"0,071";"1,785"
"2,12400";"-0,07087";"-1,81676";"0,004";"0,006";"0,071";"1,817"
"2,12800";"-0,07104";"-1,84934";"0,004";"0,006";"0,071";"1,849"
"2,13200";"-0,07120";"-1,88210";"0,004";"0,006";"0,071";"1,882"
"2,13600";"-0,07136";"-1,91454";"0,004";"0,006";"0,071";"1,915"
"2,14000";"-0,07152";"-1,94615";"0,004";"0,006";"0,072";"1,946"
"2,14400";"-0,07162";"-1,97639";"0,004";"0,006";"0,072";"1,976"
"2,14800";"-0,07179";"-2,00478";"0,004";"0,007";"0,072";"2,005"
"2,15200";"-0,07189";"-2,03094";"0,004";"0,007";"0,072";"2,031"
"2,15800";"-0,07205";"-2,06543";"0,004";"0,007";"0,072";"2,065"
"2,16400";"-0,07227";"-2,09373";"0,004";"0,007";"0,072";"2,094"
"2,17200";"-0,07248";"-2,12282";"0,004";"0,007";"0,072";"2,123"
"2,18200";"-0,07280";"-2,15124";"0,004";"0,007";"0,073";"2,151"
"2,19200";"-0,07307";"-2,18229";"0,004";"0,007";"0,073";"2,182"
"2,20000";"-0,07329";"-2,21481";"0,004";"0,007";"0,073";"2,215"
"2,20600";"-0,07350";"-2,24368";"0,004";"0,007";"0,073";"2,244"
"2,21200";"-0,07366";"-2,27477";"0,004";"0,007";"0,074";"2,275"
"2,21800";"-0,07382";"-2,30644";"0,004";"0,008";"0,074";"2,306"
"2,22400";"-0,07404";"-2,33737";"0,004";"0,008";"0,074";"2,337"
"2,23000";"-0,07420";"-2,36675";"0,004";"0,008";"0,074";"2,367"
"2,23600";"-0,07441";"-2,39408";"0,004";"0,008";"0,074";"2,394"
"2,24200";"-0,07462";"-2,41922";"0,004";"0,008";"0,075";"2,419"
"2,25000";"-0,07489";"-2,44998";"0,004";"0,008";"0,075";"2,450"
"2,25800";"-0,07516";"-2,47855";"0,004";"0,008";"0,075";"2,479"
"2,26600";"-0,07543";"-2,50592";"0,004";"0,008";"0,075";"2,506"
"2,27400";"-0,07570";"-2,53486";"0,004";"0,008";"0,076";"2,535"
"2,28200";"-0,07602";"-2,56851";"0,004";"0,008";"0,076";"2,569"
"2,28800";"-0,07623";"-2,59758";"0,004";"0,009";"0,076";"2,598"
"2,29400";"-0,07645";"-2,62920";"0,004";"0,009";"0,076";"2,629"
"2,30000";"-0,07666";"-2,66199";"0,004";"0,009";"0,077";"2,662"
"2,30600";"-0,07687";"-2,69459";"0,004";"0,009";"0,077";"2,695"
"2,31200";"-0,07709";"-2,72609";"0,004";"0,009";"0,077";"2,726"
"2,31800";"-0,07730";"-2,75593";"0,004";"0,009";"0,077";"2,756"
"2,32400";"-0,07746";"-2,78399";"0,004";"0,009";"0,077";"2,784"
"2,33000";"-0,07768";"-2,81078";"0,004";"0,009";"0,078";"2,811"
"2,33600";"-0,07784";"-2,83674";"0,004";"0,009";"0,078";"2,837"
"2,34200";"-0,07805";"-2,86177";"0,004";"0,009";"0,078";"2,862"
"2,35000";"-0,07832";"-2,89283";"0,004";"0,009";"0,078";"2,893"
"2,35800";"-0,07859";"-2,92097";"0,004";"0,010";"0,079";"2,921"
"2,36600";"-0,07880";"-2,94708";"0,004";"0,010";"0,079";"2,947"
"2,37400";"-0,07907";"-2,97300";"0,004";"0,010";"0,079";"2,973"
"2,38200";"-0,07934";"-2,99981";"0,004";"0,010";"0,079";"3,000"
"2,39000";"-0,07961";"-3,02885";"0,004";"0,010";"0,080";"3,029"
"2,39800";"-0,07987";"-3,05968";"0,004";"0,010";"0,080";"3,060"
"2,40600";"-0,08020";"-3,09129";"0,004";"0,010";"0,080";"3,091"
"2,41400";"-0,08046";"-3,12146";"0,004";"0,010";"0,080";"3,121"
"2,42200";"-0,08079";"-3,14745";"0,004";"0,010";"0,081";"3,147"
"2,43400";"-0,08121";"-3,17520";"0,004";"0,010";"0,081";"3,175"
"2,45200";"-0,08191";"-3,20328";"0,004";"0,011";"0,082";"3,203"
"2,46400";"-0,08229";"-3,23173";"0,004";"0,011";"0,082";"3,232"
"2,47200";"-0,08255";"-3,26050";"0,004";"0,011";"0,083";"3,261"
"2,47800";"-0,08271";"-3,28659";"0,004";"0,011";"0,083";"3,287"
"2,48400";"-0,08287";"-3,31511";"0,004";"0,011";"0,083";"3,315"
"2,49000";"-0,08304";"-3,34458";"0,004";"0,011";"0,083";"3,345"
"2,49600";"-0,08320";"-3,37348";"0,004";"0,011";"0,083";"3,373"
"2,50200";"-0,08336";"-3,40043";"0,004";"0,011";"0,083";"3,400"
"2,51000";"-0,08362";"-3,43188";"0,004";"0,011";"0,084";"3,432"
"2,51800";"-0,08384";"-3,45885";"0,004";"0,011";"0,084";"3,459"
"2,52600";"-0,08411";"-3,48438";"0,004";"0,011";"0,084";"3,484"
"2,53400";"-0,08437";"-3,51166";"0,004";"0,012";"0,084";"3,512"
"2,54200";"-0,08464";"-3,54225";"0,004";"0,012";"0,085";"3,542"
"2,54800";"-0,08480";"-3,56734";"0,004";"0,012";"0,085";"3,567"
"2,55400";"-0,08502";"-3,59458";"0,004";"0,012";"0,085";"3,595"
"2,56000";"-0,08523";"-3,62349";"0,004";"0,012";"0,085";"3,623"
"2,56600";"-0,08539";"-3,65274";"0,004";"0,012";"0,085";"3,653"
"2,57200";"-0,08561";"-3,68047";"0,004";"0,012";"0,086";"3,680"
"2,58000";"-0,08587";"-3,71210";"0,004";"0,012";"0,086";"3,712"
"2,59000";"-0,08625";"-3,73948";"0,004";"0,012";"0,086";"3,739"
"2,61200";"-0,08705";"-3,76507";"0,004";"0,012";"0,087";"3,765"
"2,62800";"-0,08759";"-3,79357";"0,004";"0,012";"0,088";"3,794"
"2,63800";"-0,08791";"-3,82127";"0,004";"0,013";"0,088";"3,821"
"2,64800";"-0,08823";"-3,85039";"0,004";"0,013";"0,088";"3,850"
"2,65800";"-0,08855";"-3,87742";"0,004";"0,013";"0,089";"3,877"
"2,67000";"-0,08898";"-3,90663";"0,004";"0,013";"0,089";"3,907"
"2,68200";"-0,08936";"-3,93219";"0,004";"0,013";"0,089";"3,932"
"2,69600";"-0,08984";"-3,95967";"0,004";"0,013";"0,090";"3,960"
"2,71000";"-0,09032";"-3,98556";"0,005";"0,013";"0,090";"3,986"
"2,72800";"-0,09096";"-4,01140";"0,005";"0,013";"0,091";"4,011"
"2,75800";"-0,09209";"-4,03689";"0,005";"0,013";"0,092";"4,037"
"2,78200";"-0,09284";"-4,06319";"0,005";"0,013";"0,093";"4,063"
"2,80800";"-0,09359";"-4,08906";"0,005";"0,013";"0,094";"4,089"
"2,87600";"-0,09579";"-4,11592";"0,005";"0,014";"0,096";"4,116"
"2,89400";"-0,09643";"-4,14384";"0,005";"0,014";"0,096";"4,144"
"2,91200";"-0,09707";"-4,17057";"0,005";"0,014";"0,097";"4,171"
"2,93200";"-0,09777";"-4,19707";"0,005";"0,014";"0,098";"4,197"
"2,94800";"-0,09830";"-4,22583";"0,005";"0,014";"0,098";"4,226"
"2,96000";"-0,09868";"-4,25084";"0,005";"0,014";"0,099";"4,251"
"2,97200";"-0,09905";"-4,27660";"0,005";"0,014";"0,099";"4,277"
"2,98400";"-0,09943";"-4,30209";"0,005";"0,014";"0,099";"4,302"
"2,99800";"-0,09991";"-4,32839";"0,005";"0,014";"0,100";"4,328"
"3,01600";"-0,10050";"-4,35450";"0,005";"0,014";"0,100";"4,355"
"3,03400";"-0,10114";"-4,37989";"0,005";"0,014";"0,101";"4,380"
"3,04600";"-0,10162";"-4,40496";"0,005";"0,014";"0,102";"4,405"
"3,05600";"-0,10200";"-4,43090";"0,005";"0,015";"0,102";"4,431"
"3,06600";"-0,10237";"-4,45940";"0,005";"0,015";"0,102";"4,459"
"3,07600";"-0,10270";"-4,48764";"0,005";"0,015";"0,103";"4,488"
"3,08600";"-0,10302";"-4,51301";"0,005";"0,015";"0,103";"4,513"
"3,10000";"-0,10345";"-4,54135";"0,005";"0,015";"0,103";"4,541"
"3,12000";"-0,10398";"-4,56802";"0,005";"0,015";"0,104";"4,568"
"3,14200";"-0,10468";"-4,59339";"0,005";"0,015";"0,105";"4,593"
"3,15800";"-0,10521";"-4,62083";"0,005";"0,015";"0,105";"4,621"
"3,17000";"-0,10559";"-4,64597";"0,005";"0,015";"0,106";"4,646"
"3,18200";"-0,10596";"-4,67187";"0,005";"0,015";"0,106";"4,672"
"3,19400";"-0,10639";"-4,69901";"0,005";"0,015";"0,106";"4,699"
"3,20400";"-0,10677";"-4,72406";"0,005";"0,015";"0,107";"4,724"
"3,21400";"-0,10709";"-4,75028";"0,005";"0,016";"0,107";"4,750"
"3,22600";"-0,10752";"-4,77979";"0,005";"0,016";"0,108";"4,780"
"3,23800";"-0,10795";"-4,80663";"0,005";"0,016";"0,108";"4,807"
"3,25200";"-0,10843";"-4,83538";"0,005";"0,016";"0,108";"4,835"
"3,27000";"-0,10902";"-4,86208";"0,005";"0,016";"0,109";"4,862"
"3,30600";"-0,11014";"-4,88898";"0,006";"0,016";"0,110";"4,889"
"3,32400";"-0,11079";"-4,91482";"0,006";"0,016";"0,111";"4,915"
"3,34400";"-0,11154";"-4,94259";"0,006";"0,016";"0,112";"4,943"
"3,35800";"-0,11207";"-4,96824";"0,006";"0,016";"0,112";"4,968"
"3,36800";"-0,11239";"-4,99862";"0,006";"0,016";"0,112";"4,999"
"3,37600";"-0,11271";"-5,02952";"0,006";"0,017";"0,113";"5,030"
"3,38400";"-0,11293";"-5,06156";"0,006";"0,017";"0,113";"5,062"
"3,39200";"-0,11320";"-5,08939";"0,006";"0,017";"0,113";"5,089"
"3,40400";"-0,11352";"-5,11570";"0,006";"0,017";"0,114";"5,116"
"3,44200";"-0,11470";"-5,08895";"0,006";"0,017";"0,115";"5,089"
"3,48200";"-0,11598";"-5,11415";"0,006";"0,017";"0,116";"5,114"
"3,49800";"-0,11652";"-5,14183";"0,006";"0,017";"0,117";"5,142"
"3,51800";"-0,11721";"-5,16864";"0,006";"0,017";"0,117";"5,169"
"3,54000";"-0,11802";"-5,19422";"0,006";"0,017";"0,118";"5,194"
"3,55400";"-0,11850";"-5,22172";"0,006";"0,017";"0,118";"5,222"
"3,56600";"-0,11887";"-5,24996";"0,006";"0,017";"0,119";"5,250"
"3,57800";"-0,11925";"-5,27798";"0,006";"0,017";"0,119";"5,278"
"3,59000";"-0,11962";"-5,30392";"0,006";"0,017";"0,120";"5,304"
"3,60400";"-0,12011";"-5,33194";"0,006";"0,017";"0,120";"5,332"
"3,61600";"-0,12048";"-5,35704";"0,006";"0,018";"0,120";"5,357"
"3,62800";"-0,12091";"-5,38329";"0,006";"0,018";"0,121";"5,383"
"3,64400";"-0,12145";"-5,40992";"0,006";"0,018";"0,121";"5,410"
"3,68000";"-0,12279";"-5,43681";"0,006";"0,018";"0,123";"5,437"
"3,69400";"-0,12327";"-5,46616";"0,006";"0,018";"0,123";"5,466"
"3,70400";"-0,12359";"-5,49417";"0,006";"0,018";"0,124";"5,494"
"3,71200";"-0,12380";"-5,51951";"0,006";"0,018";"0,124";"5,520"
"3,72000";"-0,12402";"-5,54777";"0,006";"0,018";"0,124";"5,548"
"3,72800";"-0,12429";"-5,57864";"0,006";"0,018";"0,124";"5,579"
"3,73600";"-0,12450";"-5,61012";"0,006";"0,018";"0,124";"5,610"
"3,74400";"-0,12477";"-5,63994";"0,006";"0,019";"0,125";"5,640"
"3,75200";"-0,12498";"-5,66630";"0,006";"0,019";"0,125";"5,666"
"3,76200";"-0,12530";"-5,69254";"0,006";"0,019";"0,125";"5,693"
"3,77600";"-0,12579";"-5,71834";"0,006";"0,019";"0,126";"5,718"
"3,79000";"-0,12621";"-5,74662";"0,006";"0,019";"0,126";"5,747"
"3,80000";"-0,12659";"-5,77443";"0,006";"0,019";"0,127";"5,774"
"3,80800";"-0,12686";"-5,79986";"0,006";"0,019";"0,127";"5,800"
"3,81600";"-0,12712";"-5,82743";"0,006";"0,019";"0,127";"5,827"
"3,82400";"-0,12739";"-5,85671";"0,006";"0,019";"0,127";"5,857"
"3,83200";"-0,12771";"-5,88629";"0,006";"0,019";"0,128";"5,886"
"3,84000";"-0,12798";"-5,91410";"0,006";"0,019";"0,128";"5,914"
"3,85000";"-0,12830";"-5,94489";"0,006";"0,020";"0,128";"5,945"
"3,86000";"-0,12868";"-5,97098";"0,006";"0,020";"0,129";"5,971"
"3,87200";"-0,12905";"-5,99661";"0,006";"0,020";"0,129";"5,997"
"3,88800";"-0,12954";"-6,02192";"0,006";"0,020";"0,130";"6,022"
"3,91000";"-0,13029";"-6,04821";"0,007";"0,020";"0,130";"6,048"
"3,92800";"-0,13087";"-6,07556";"0,007";"0,020";"0,131";"6,076"
"3,94000";"-0,13130";"-6,10146";"0,007";"0,020";"0,131";"6,101"
"3,95000";"-0,13168";"-6,12813";"0,007";"0,020";"0,132";"6,128"
"3,96000";"-0,13205";"-6,15939";"0,007";"0,020";"0,132";"6,159"
"3,96800";"-0,13232";"-6,18605";"0,007";"0,020";"0,132";"6,186"
"3,97600";"-0,13264";"-6,21336";"0,007";"0,020";"0,133";"6,213"
"3,98400";"-0,13291";"-6,24066";"0,007";"0,020";"0,133";"6,241"
"3,99200";"-0,13318";"-6,26709";"0,007";"0,021";"0,133";"6,267"
"4,00000";"-0,13345";"-6,29226";"0,007";"0,021";"0,133";"6,292"
"4,01000";"-0,13371";"-6,32092";"0,007";"0,021";"0,134";"6,321"
"4,02200";"-0,13409";"-6,34988";"0,007";"0,021";"0,134";"6,350"
"4,03400";"-0,13446";"-6,37589";"0,007";"0,021";"0,134";"6,376"
"4,04600";"-0,13479";"-6,40373";"0,007";"0,021";"0,135";"6,404"
"4,05600";"-0,13511";"-6,42927";"0,007";"0,021";"0,135";"6,429"
"4,06600";"-0,13543";"-6,45573";"0,007";"0,021";"0,135";"6,456"
"4,07800";"-0,13586";"-6,48508";"0,007";"0,021";"0,136";"6,485"
"4,09200";"-0,13629";"-6,51297";"0,007";"0,021";"0,136";"6,513"
"4,13800";"-0,13795";"-6,48580";"0,007";"0,021";"0,138";"6,486"
"4,15200";"-0,13837";"-6,46010";"0,007";"0,021";"0,138";"6,460"
"4,18600";"-0,13950";"-6,43339";"0,007";"0,021";"0,139";"6,433"
"4,20400";"-0,14009";"-6,40703";"0,007";"0,021";"0,140";"6,407"
"4,22600";"-0,14079";"-6,38173";"0,007";"0,021";"0,141";"6,382"
"4,30800";"-0,14373";"-6,40844";"0,007";"0,021";"0,144";"6,408"
"4,32600";"-0,14427";"-6,43462";"0,007";"0,021";"0,144";"6,435"
"4,34600";"-0,14480";"-6,46017";"0,007";"0,021";"0,145";"6,460"
"4,36200";"-0,14534";"-6,48606";"0,007";"0,021";"0,145";"6,486"
"4,44000";"-0,14802";"-6,51214";"0,007";"0,021";"0,148";"6,512"
"4,46000";"-0,14871";"-6,53837";"0,007";"0,021";"0,149";"6,538"
"4,47600";"-0,14925";"-6,56446";"0,007";"0,022";"0,149";"6,564"
"4,49000";"-0,14968";"-6,58992";"0,007";"0,022";"0,150";"6,590"
"4,50400";"-0,15011";"-6,61524";"0,008";"0,022";"0,150";"6,615"
"4,60400";"-0,15359";"-6,60319";"0,008";"0,022";"0,154";"6,603"
"4,66200";"-0,15536";"-6,62855";"0,008";"0,022";"0,155";"6,629"
"4,73200";"-0,15771";"-6,60346";"0,008";"0,022";"0,158";"6,603"
"4,76600";"-0,15889";"-6,62904";"0,008";"0,022";"0,159";"6,629"
"4,79800";"-0,15996";"-6,65440";"0,008";"0,022";"0,160";"6,654"
"4,83800";"-0,16125";"-6,68017";"0,008";"0,022";"0,161";"6,680"
"4,85000";"-0,16168";"-6,70577";"0,008";"0,022";"0,162";"6,706"
"4,86000";"-0,16205";"-6,73097";"0,008";"0,022";"0,162";"6,731"
"4,87200";"-0,16248";"-6,75602";"0,008";"0,022";"0,162";"6,756"
"4,92200";"-0,16420";"-6,73002";"0,008";"0,022";"0,164";"6,730"
"4,93200";"-0,16446";"-6,70413";"0,008";"0,022";"0,164";"6,704"
"4,94200";"-0,16479";"-6,67671";"0,008";"0,022";"0,165";"6,677"
"4,95400";"-0,16511";"-6,64888";"0,008";"0,022";"0,165";"6,649"
"5,00200";"-0,16661";"-6,67685";"0,008";"0,022";"0,167";"6,677"
"5,01600";"-0,16709";"-6,70582";"0,008";"0,022";"0,167";"6,706"
"5,03200";"-0,16768";"-6,73225";"0,008";"0,022";"0,168";"6,732"
"5,13200";"-0,17100";"-6,74795";"0,009";"0,022";"0,171";"6,748"
"5,14800";"-0,17154";"-6,77430";"0,009";"0,022";"0,172";"6,774"
"5,19600";"-0,17330";"-6,74876";"0,009";"0,022";"0,173";"6,749"
"5,26800";"-0,17555";"-6,77495";"0,009";"0,022";"0,176";"6,775"
"5,30600";"-0,17673";"-6,80153";"0,009";"0,022";"0,177";"6,802"
"5,31800";"-0,17716";"-6,82673";"0,009";"0,022";"0,177";"6,827"
"5,32800";"-0,17748";"-6,85423";"0,009";"0,022";"0,177";"6,854"
"5,33800";"-0,17786";"-6,88335";"0,009";"0,023";"0,178";"6,883"
"5,34800";"-0,17823";"-6,90880";"0,009";"0,023";"0,178";"6,909"
"5,37200";"-0,17909";"-6,93426";"0,009";"0,023";"0,179";"6,934"
"5,40400";"-0,18011";"-6,96145";"0,009";"0,023";"0,180";"6,961"
"5,41600";"-0,18048";"-6,98900";"0,009";"0,023";"0,180";"6,989"
"5,42600";"-0,18080";"-7,01654";"0,009";"0,023";"0,181";"7,017"
"5,43600";"-0,18112";"-7,04694";"0,009";"0,023";"0,181";"7,047"
"5,44600";"-0,18150";"-7,07802";"0,009";"0,023";"0,181";"7,078"
"5,45600";"-0,18182";"-7,10702";"0,009";"0,023";"0,182";"7,107"
"5,46600";"-0,18220";"-7,13206";"0,009";"0,023";"0,182";"7,132"
"5,48600";"-0,18295";"-7,15758";"0,009";"0,023";"0,183";"7,158"
"5,51200";"-0,18391";"-7,13109";"0,009";"0,023";"0,184";"7,131"
"5,53000";"-0,18445";"-7,10538";"0,009";"0,023";"0,184";"7,105"
"5,56200";"-0,18536";"-7,13336";"0,009";"0,023";"0,185";"7,133"
"5,58000";"-0,18595";"-7,16094";"0,009";"0,023";"0,186";"7,161"
"5,60600";"-0,18675";"-7,18710";"0,009";"0,024";"0,187";"7,187"
"5,62200";"-0,18729";"-7,21588";"0,009";"0,024";"0,187";"7,216"
"5,63200";"-0,18761";"-7,24448";"0,009";"0,024";"0,188";"7,244"
"5,64000";"-0,18793";"-7,27181";"0,009";"0,024";"0,188";"7,272"
"5,64800";"-0,18820";"-7,29951";"0,009";"0,024";"0,188";"7,300"
"5,65800";"-0,18857";"-7,33001";"0,009";"0,024";"0,189";"7,330"
"5,67000";"-0,18900";"-7,35685";"0,009";"0,024";"0,189";"7,357"
"5,69000";"-0,18970";"-7,38312";"0,009";"0,024";"0,190";"7,383"
"5,71200";"-0,19039";"-7,41131";"0,010";"0,024";"0,190";"7,411"
"5,72800";"-0,19093";"-7,43724";"0,010";"0,024";"0,191";"7,437"
"5,75600";"-0,19184";"-7,46364";"0,010";"0,024";"0,192";"7,464"
"5,78400";"-0,19280";"-7,48905";"0,010";"0,025";"0,193";"7,489"
"5,80600";"-0,19366";"-7,51471";"0,010";"0,025";"0,194";"7,515"
"5,82800";"-0,19441";"-7,54103";"0,010";"0,025";"0,194";"7,541"
"5,84400";"-0,19489";"-7,57002";"0,010";"0,025";"0,195";"7,570"
"5,85600";"-0,19521";"-7,59741";"0,010";"0,025";"0,195";"7,597"
"5,86800";"-0,19559";"-7,62408";"0,010";"0,025";"0,196";"7,624"
"5,95200";"-0,19832";"-7,65184";"0,010";"0,025";"0,198";"7,652"
"5,96200";"-0,19870";"-7,68060";"0,010";"0,025";"0,199";"7,681"
"5,97000";"-0,19896";"-7,70660";"0,010";"0,025";"0,199";"7,707"
"5,97800";"-0,19929";"-7,73210";"0,010";"0,025";"0,199";"7,732"
"5,98800";"-0,19961";"-7,75792";"0,010";"0,025";"0,200";"7,758"
"6,00600";"-0,20020";"-7,78375";"0,010";"0,026";"0,200";"7,784"
"6,04800";"-0,20159";"-7,80934";"0,010";"0,026";"0,202";"7,809"
"6,14000";"-0,20480";"-7,83495";"0,010";"0,026";"0,205";"7,835"
"6,23600";"-0,20775";"-7,86085";"0,010";"0,026";"0,208";"7,861"
"6,25000";"-0,20823";"-7,88760";"0,010";"0,026";"0,208";"7,888"
"6,30000";"-0,21000";"-7,86236";"0,010";"0,026";"0,210";"7,862"
"6,32000";"-0,21070";"-7,83599";"0,011";"0,026";"0,211";"7,836"
"6,33400";"-0,21112";"-7,80772";"0,011";"0,026";"0,211";"7,808"
"6,34400";"-0,21145";"-7,77874";"0,011";"0,026";"0,211";"7,779"
"6,35400";"-0,21177";"-7,74810";"0,011";"0,025";"0,212";"7,748"
"6,36400";"-0,21214";"-7,72189";"0,011";"0,025";"0,212";"7,722"
"6,42200";"-0,21423";"-7,74903";"0,011";"0,025";"0,214";"7,749"
"6,43600";"-0,21471";"-7,77567";"0,011";"0,026";"0,215";"7,776"
"6,45400";"-0,21525";"-7,80270";"0,011";"0,026";"0,215";"7,803"
"6,55400";"-0,21836";"-7,81419";"0,011";"0,026";"0,218";"7,814"
"6,57400";"-0,21905";"-7,78591";"0,011";"0,026";"0,219";"7,786"
"6,59000";"-0,21964";"-7,75891";"0,011";"0,025";"0,220";"7,759"
"6,64000";"-0,22136";"-7,73183";"0,011";"0,025";"0,221";"7,732"
"6,68600";"-0,22286";"-7,75805";"0,011";"0,025";"0,223";"7,758"
"6,74400";"-0,22495";"-7,78550";"0,011";"0,026";"0,225";"7,786"
"6,75600";"-0,22532";"-7,81189";"0,011";"0,026";"0,225";"7,812"
"6,76600";"-0,22564";"-7,84005";"0,011";"0,026";"0,226";"7,840"
"6,77800";"-0,22596";"-7,86888";"0,011";"0,026";"0,226";"7,869"
"6,82200";"-0,22736";"-7,89407";"0,011";"0,026";"0,227";"7,894"
"6,85200";"-0,22827";"-7,92172";"0,011";"0,026";"0,228";"7,922"
"6,87200";"-0,22896";"-7,94886";"0,011";"0,026";"0,229";"7,949"
"6,95600";"-0,23180";"-7,97583";"0,012";"0,026";"0,232";"7,976"
"6,96600";"-0,23212";"-8,00228";"0,012";"0,026";"0,232";"8,002"
"6,97800";"-0,23255";"-8,03146";"0,012";"0,026";"0,233";"8,031"
"7,01600";"-0,23389";"-8,05666";"0,012";"0,026";"0,234";"8,057"
"7,03600";"-0,23464";"-8,08206";"0,012";"0,027";"0,235";"8,082"
"7,05400";"-0,23529";"-8,10720";"0,012";"0,027";"0,235";"8,107"
"7,11400";"-0,23711";"-8,13282";"0,012";"0,027";"0,237";"8,133"
"7,21400";"-0,24048";"-8,12560";"0,012";"0,027";"0,240";"8,126"
"7,24800";"-0,24161";"-8,15107";"0,012";"0,027";"0,242";"8,151"
"7,26000";"-0,24198";"-8,17659";"0,012";"0,027";"0,242";"8,177"
"7,27200";"-0,24236";"-8,20303";"0,012";"0,027";"0,242";"8,203"
"7,28400";"-0,24279";"-8,23073";"0,012";"0,027";"0,243";"8,231"
"7,29600";"-0,24316";"-8,26032";"0,012";"0,027";"0,243";"8,260"
"7,31200";"-0,24375";"-8,28583";"0,012";"0,027";"0,244";"8,286"
"7,33400";"-0,24455";"-8,25752";"0,012";"0,027";"0,245";"8,258"
"7,34200";"-0,24487";"-8,23039";"0,012";"0,027";"0,245";"8,230"
"7,35000";"-0,24514";"-8,19791";"0,012";"0,027";"0,245";"8,198"
"7,35600";"-0,24536";"-8,17164";"0,012";"0,027";"0,245";"8,172"
"7,36200";"-0,24552";"-8,14529";"0,012";"0,027";"0,246";"8,145"
"7,36800";"-0,24573";"-8,12023";"0,012";"0,027";"0,246";"8,120"
"7,37600";"-0,24595";"-8,09054";"0,012";"0,027";"0,246";"8,091"
"7,38600";"-0,24627";"-8,06218";"0,012";"0,026";"0,246";"8,062"
"7,40200";"-0,24675";"-8,03632";"0,012";"0,026";"0,247";"8,036"
"7,42000";"-0,24729";"-8,00999";"0,012";"0,026";"0,247";"8,010"
"7,43600";"-0,24777";"-7,98129";"0,012";"0,026";"0,248";"7,981"
"7,45400";"-0,24836";"-7,95500";"0,012";"0,026";"0,248";"7,955"
"7,55400";"-0,25179";"-7,92786";"0,013";"0,026";"0,252";"7,928"
"7,57200";"-0,25237";"-7,89916";"0,013";"0,026";"0,252";"7,899"
"7,58400";"-0,25275";"-7,87233";"0,013";"0,026";"0,253";"7,872"
"7,59400";"-0,25307";"-7,84130";"0,013";"0,026";"0,253";"7,841"
"7,60000";"-0,25329";"-7,81577";"0,013";"0,026";"0,253";"7,816"
"7,60600";"-0,25350";"-7,78236";"0,013";"0,026";"0,253";"7,782"
"7,61000";"-0,25361";"-7,75444";"0,013";"0,025";"0,254";"7,754"
"7,61400";"-0,25377";"-7,72110";"0,013";"0,025";"0,254";"7,721"
"7,61800";"-0,25393";"-7,68151";"0,013";"0,025";"0,254";"7,682"
"7,62200";"-0,25409";"-7,63487";"0,013";"0,025";"0,254";"7,635"
"7,62400";"-0,25414";"-7,60864";"0,013";"0,025";"0,254";"7,609"
"7,62600";"-0,25420";"-7,58035";"0,013";"0,025";"0,254";"7,580"
"7,62800";"-0,25430";"-7,54990";"0,013";"0,025";"0,254";"7,550"
"7,63000";"-0,25436";"-7,51718";"0,013";"0,025";"0,254";"7,517"
"7,63200";"-0,25446";"-7,48212";"0,013";"0,025";"0,254";"7,482"
"7,63400";"-0,25452";"-7,44461";"0,013";"0,024";"0,255";"7,445"
"7,63600";"-0,25462";"-7,40456";"0,013";"0,024";"0,255";"7,405"
"7,63800";"-0,25468";"-7,36189";"0,013";"0,024";"0,255";"7,362"
"7,64000";"-0,25473";"-7,31653";"0,013";"0,024";"0,255";"7,317"
"7,64200";"-0,25484";"-7,26843";"0,013";"0,024";"0,255";"7,268"
"7,64400";"-0,25489";"-7,21756";"0,013";"0,024";"0,255";"7,218"
"7,64600";"-0,25495";"-7,16392";"0,013";"0,024";"0,255";"7,164"
"7,64800";"-0,25505";"-7,10755";"0,013";"0,023";"0,255";"7,108"
"7,65000";"-0,25511";"-7,04851";"0,013";"0,023";"0,255";"7,049"
"7,65200";"-0,25521";"-6,98691";"0,013";"0,023";"0,255";"6,987"
"7,65400";"-0,25527";"-6,92284";"0,013";"0,023";"0,255";"6,923"
"7,65600";"-0,25532";"-6,85644";"0,013";"0,022";"0,255";"6,856"
"7,65800";"-0,25543";"-6,78783";"0,013";"0,022";"0,255";"6,788"
"7,66000";"-0,25548";"-6,71714";"0,013";"0,022";"0,255";"6,717"
"7,66200";"-0,25554";"-6,64450";"0,013";"0,022";"0,256";"6,645"
"7,66400";"-0,25559";"-6,57006";"0,013";"0,022";"0,256";"6,570"
"7,66600";"-0,25570";"-6,49396";"0,013";"0,021";"0,256";"6,494"
"7,66800";"-0,25575";"-6,41635";"0,013";"0,021";"0,256";"6,416"
"7,67000";"-0,25580";"-6,33731";"0,013";"0,021";"0,256";"6,337"
"7,67200";"-0,25586";"-6,25693";"0,013";"0,021";"0,256";"6,257"
"7,67400";"-0,25591";"-6,17528";"0,013";"0,020";"0,256";"6,175"
"7,67600";"-0,25602";"-6,09243";"0,013";"0,020";"0,256";"6,092"
"7,67800";"-0,25607";"-6,00844";"0,013";"0,020";"0,256";"6,008"
"7,68000";"-0,25612";"-5,92334";"0,013";"0,019";"0,256";"5,923"
"7,68200";"-0,25618";"-5,83716";"0,013";"0,019";"0,256";"5,837"
"7,68400";"-0,25623";"-5,74989";"0,013";"0,019";"0,256";"5,750"
"7,68600";"-0,25629";"-5,66153";"0,013";"0,019";"0,256";"5,662"
"7,68800";"-0,25634";"-5,57207";"0,013";"0,018";"0,256";"5,572"
"7,69000";"-0,25639";"-5,48150";"0,013";"0,018";"0,256";"5,482"
"7,69200";"-0,25645";"-5,38980";"0,013";"0,018";"0,256";"5,390"
"7,69400";"-0,25655";"-5,29690";"0,013";"0,017";"0,257";"5,297"
"7,69600";"-0,25661";"-5,20274";"0,013";"0,017";"0,257";"5,203"
"7,69800";"-0,25666";"-5,10717";"0,013";"0,017";"0,257";"5,107"
"7,70000";"-0,25671";"-5,01007";"0,013";"0,016";"0,257";"5,010"
"7,70200";"-0,25677";"-4,91136";"0,013";"0,016";"0,257";"4,911"
"7,70400";"-0,25682";"-4,81098";"0,013";"0,016";"0,257";"4,811"
"7,70600";"-0,25687";"-4,70897";"0,013";"0,015";"0,257";"4,709"
"7,70800";"-0,25693";"-4,60537";"0,013";"0,015";"0,257";"4,605"
"7,71000";"-0,25698";"-4,50033";"0,013";"0,015";"0,257";"4,500"
"7,71200";"-0,25704";"-4,39399";"0,013";"0,014";"0,257";"4,394"
"7,71400";"-0,25709";"-4,28651";"0,013";"0,014";"0,257";"4,287"
"7,71600";"-0,25720";"-4,17802";"0,013";"0,014";"0,257";"4,178"
"7,71800";"-0,25725";"-4,06864";"0,013";"0,013";"0,257";"4,069"
"7,72000";"-0,25730";"-3,95853";"0,013";"0,013";"0,257";"3,959"
"7,72200";"-0,25736";"-3,84788";"0,013";"0,013";"0,257";"3,848"
"7,72400";"-0,25741";"-3,73687";"0,013";"0,012";"0,257";"3,737"
"7,72600";"-0,25746";"-3,62569";"0,013";"0,012";"0,257";"3,626"
"7,72800";"-0,25752";"-3,51457";"0,013";"0,012";"0,258";"3,515"
"7,73000";"-0,25762";"-3,40372";"0,013";"0,011";"0,258";"3,404"
"7,73200";"-0,25768";"-3,29333";"0,013";"0,011";"0,258";"3,293"
"7,73400";"-0,25773";"-3,18363";"0,013";"0,010";"0,258";"3,184"
"7,73600";"-0,25779";"-3,07482";"0,013";"0,010";"0,258";"3,075"
"7,73800";"-0,25784";"-2,96715";"0,013";"0,010";"0,258";"2,967"
"7,74000";"-0,25789";"-2,86080";"0,013";"0,009";"0,258";"2,861"
"7,74200";"-0,25795";"-2,75595";"0,013";"0,009";"0,258";"2,756"
"7,74400";"-0,25805";"-2,65280";"0,013";"0,009";"0,258";"2,653"
"7,74600";"-0,25811";"-2,55150";"0,013";"0,008";"0,258";"2,552"
"7,74800";"-0,25816";"-2,45222";"0,013";"0,008";"0,258";"2,452"
"7,75000";"-0,25821";"-2,35511";"0,013";"0,008";"0,258";"2,355"
"7,75200";"-0,25827";"-2,26033";"0,013";"0,007";"0,258";"2,260"
"7,75400";"-0,25832";"-2,16805";"0,013";"0,007";"0,258";"2,168"
"7,75600";"-0,25843";"-2,07843";"0,013";"0,007";"0,258";"2,078"
"7,75800";"-0,25848";"-1,99161";"0,013";"0,007";"0,258";"1,992"
"7,76000";"-0,25854";"-1,90770";"0,013";"0,006";"0,259";"1,908"
"7,76200";"-0,25859";"-1,82675";"0,013";"0,006";"0,259";"1,827"
"7,76400";"-0,25870";"-1,74881";"0,013";"0,006";"0,259";"1,749"
"7,76600";"-0,25875";"-1,67387";"0,013";"0,005";"0,259";"1,674"
"7,76800";"-0,25880";"-1,60189";"0,013";"0,005";"0,259";"1,602"
"7,77000";"-0,25886";"-1,53284";"0,013";"0,005";"0,259";"1,533"
"7,77200";"-0,25896";"-1,46665";"0,013";"0,005";"0,259";"1,467"
"7,77400";"-0,25902";"-1,40329";"0,013";"0,005";"0,259";"1,403"
"7,77600";"-0,25907";"-1,34275";"0,013";"0,004";"0,259";"1,343"
"7,77800";"-0,25918";"-1,28501";"0,013";"0,004";"0,259";"1,285"
"7,78000";"-0,25923";"-1,22970";"0,013";"0,004";"0,259";"1,230"
"7,78200";"-0,25929";"-1,17621";"0,013";"0,004";"0,259";"1,176"
"7,78400";"-0,25934";"-1,12450";"0,013";"0,004";"0,259";"1,125"
"7,78600";"-0,25945";"-1,07528";"0,013";"0,004";"0,259";"1,075"
"7,78800";"-0,25950";"-1,02862";"0,013";"0,003";"0,259";"1,029"
"7,79000";"-0,25955";"-0,98364";"0,013";"0,003";"0,260";"0,984"
"7,79200";"-0,25966";"-0,93992";"0,013";"0,003";"0,260";"0,940"
"7,79400";"-0,25971";"-0,89786";"0,013";"0,003";"0,260";"0,898"
"7,79600";"-0,25982";"-0,85752";"0,013";"0,003";"0,260";"0,858"
"7,79800";"-0,25987";"-0,81850";"0,013";"0,003";"0,260";"0,818"
"7,80000";"-0,25993";"-0,78071";"0,013";"0,003";"0,260";"0,781"
"7,80200";"-0,26004";"-0,74433";"0,013";"0,002";"0,260";"0,744"
"7,80400";"-0,26009";"-0,70926";"0,013";"0,002";"0,260";"0,709"
"7,80600";"-0,26014";"-0,67544";"0,013";"0,002";"0,260";"0,675"
"7,80800";"-0,26025";"-0,64291";"0,013";"0,002";"0,260";"0,643"
"7,81000";"-0,26030";"-0,61160";"0,013";"0,002";"0,260";"0,612"
"7,81200";"-0,26036";"-0,58140";"0,013";"0,002";"0,260";"0,581"
"7,81400";"-0,26046";"-0,55228";"0,013";"0,002";"0,260";"0,552"
"7,81600";"-0,26052";"-0,52411";"0,013";"0,002";"0,261";"0,524"
"7,81800";"-0,26057";"-0,49666";"0,013";"0,002";"0,261";"0,497"
"7,82000";"-0,26068";"-0,46985";"0,013";"0,002";"0,261";"0,470"
"7,82200";"-0,26073";"-0,44379";"0,013";"0,001";"0,261";"0,444"
"7,82400";"-0,26079";"-0,41842";"0,013";"0,001";"0,261";"0,418"
"7,82800";"-0,26095";"-0,36942";"0,013";"0,001";"0,261";"0,369"
"7,83200";"-0,26105";"-0,32280";"0,013";"0,001";"0,261";"0,323"
"7,83600";"-0,26121";"-0,27851";"0,013";"0,001";"0,261";"0,279"
"7,84000";"-0,26137";"-0,23682";"0,013";"0,001";"0,261";"0,237"
"7,84400";"-0,26148";"-0,19779";"0,013";"0,001";"0,261";"0,198"
"7,84800";"-0,26159";"-0,16201";"0,013";"0,001";"0,262";"0,162"
"7,85200";"-0,26175";"-0,12958";"0,013";"0,000";"0,262";"0,130"
"7,85600";"-0,26186";"-0,10070";"0,013";"0,000";"0,262";"0,101"
"7,86000";"-0,26196";"-0,07554";"0,013";"0,000";"0,262";"0,076"
"7,86600";"-0,26218";"-0,04465";"0,013";"0,000";"0,262";"0,045"
"7,87400";"-0,26245";"-0,01568";"0,013";"0,000";"0,262";"0,016"
"7,89000";"-0,26298";"0,00946";"0,013";"0,000";"0,263";"-0,009"
"7,99000";"-0,26646";"-0,00021";"0,013";"0,000";"0,266";"0,000"
"8,09000";"-0,26957";"0,00015";"0,013";"0,000";"0,270";"0,000"
"8,19000";"-0,27289";"0,00017";"0,014";"0,000";"0,273";"0,000"
"8,29000";"-0,27648";"0,00011";"0,014";"0,000";"0,276";"0,000"
"8,39000";"-0,27959";"0,00008";"0,014";"0,000";"0,280";"0,000"
"8,49000";"-0,28296";"0,00008";"0,014";"0,000";"0,283";"0,000"
"8,59000";"-0,28650";"0,00016";"0,014";"0,000";"0,286";"0,000"
"8,69000";"-0,28955";"0,00004";"0,014";"0,000";"0,290";"0,000"
"8,79000";"-0,29298";"0,00001";"0,015";"0,000";"0,293";"0,000"
"8,89000";"-0,29652";"0,00000";"0,015";"0,000";"0,297";"0,000"
"8,99000";"-0,29952";"0,00003";"0,015";"0,000";"0,300";"0,000"
"9,09000";"-0,30295";"-0,00007";"0,015";"0,000";"0,303";"0,000"
"9,19000";"-0,30648";"-0,00006";"0,015";"0,000";"0,306";"0,000"
"9,29000";"-0,30954";"0,00004";"0,015";"0,000";"0,310";"0,000"
"9,39000";"-0,31296";"-0,00001";"0,016";"0,000";"0,313";"0,000"
"9,49000";"-0,31650";"-0,00002";"0,016";"0,000";"0,316";"0,000"
"9,59000";"-0,31961";"-0,00002";"0,016";"0,000";"0,320";"0,000"
"9,69000";"-0,32298";"-0,00006";"0,016";"0,000";"0,323";"0,000"
"9,79000";"-0,32646";"-0,00010";"0,016";"0,000";"0,326";"0,000"
"9,89000";"-0,32962";"-0,00014";"0,016";"0,000";"0,330";"0,000"
"9,99000";"-0,33300";"-0,00012";"0,017";"0,000";"0,333";"0,000"
"10,09000";"-0,33643";"-0,00024";"0,017";"0,000";"0,336";"0,000"
"10,19000";"-0,33959";"-0,00018";"0,017";"0,000";"0,340";"0,000"
"10,29000";"-0,34302";"-0,00021";"0,017";"0,000";"0,343";"0,000"
"10,39000";"-0,34639";"-0,00020";"0,017";"0,000";"0,346";"0,000"
"10,49000";"-0,34961";"-0,00017";"0,017";"0,000";"0,350";"0,000"
"10,59000";"-0,35298";"-0,00015";"0,018";"0,000";"0,353";"0,000"
"10,69000";"-0,35636";"-0,00010";"0,018";"0,000";"0,356";"0,000"
"10,79000";"-0,35957";"-0,00019";"0,018";"0,000";"0,360";"0,000"
"10,89000";"-0,36305";"-0,00028";"0,018";"0,000";"0,363";"0,000"
"10,99000";"-0,36632";"-0,00021";"0,018";"0,000";"0,366";"0,000"
"11,09000";"-0,36959";"-0,00027";"0,018";"0,000";"0,370";"0,000"
"11,19000";"-0,37302";"-0,00032";"0,019";"0,000";"0,373";"0,000"
"11,29000";"-0,37639";"-0,00028";"0,019";"0,000";"0,376";"0,000"
"11,39000";"-0,37966";"-0,00023";"0,019";"0,000";"0,380";"0,000"
"11,49000";"-0,38298";"-0,00031";"0,019";"0,000";"0,383";"0,000"
"11,59000";"-0,38630";"-0,00027";"0,019";"0,000";"0,386";"0,000"
"11,69000";"-0,38962";"-0,00020";"0,019";"0,000";"0,390";"0,000"
"11,79000";"-0,39300";"-0,00030";"0,020";"0,000";"0,393";"0,000"
"11,89000";"-0,39632";"-0,00034";"0,020";"0,000";"0,396";"0,000"
"11,99000";"-0,39964";"-0,00037";"0,020";"0,000";"0,400";"0,000"
"12,09000";"-0,40296";"-0,00035";"0,020";"0,000";"0,403";"0,000"
"12,10200";"-0,40339";"-0,00025";"0,020";"0,000";"0,403";"0,000"
