Deformação : Distância inicial Axial (Fonte de Deformação);"-19,999";mm
Dimensão : Altura da bigorna;"20,000";mm
Dimensão : Área;"304,805";mm^2
Máximo Esforço à compressiva : Carga compressivaemMáximo Esforço à compressiva;"4,686";N
Máximo Esforço à compressiva : Deformaçao compressivaemMáximo Esforço à compressiva;"3,861";%
Máximo Esforço à compressiva : EnergiaemMáximo Esforço à compressiva;"0,001";J
Máximo Esforço à compressiva : Máximo Esforço à compressiva;"0,015";MPa
Máximo Esforço à compressiva : Extensão compressivaemMáximo Esforço à compressiva;"0,772";mm
Máximo Esforço à compressiva : TempoemMáximo Esforço à compressiva;"46,33000";sec
Máximo Extensão compressiva : Carga compressivaemMáximo Extensão compressiva;"0,000";N
Máximo Extensão compressiva : Deformaçao compressivaemMáximo Extensão compressiva;"6,813";%
Máximo Extensão compressiva : EnergiaemMáximo Extensão compressiva;"0,002";J
Máximo Extensão compressiva : Máximo Extensão compressiva;"1,362";mm
Máximo Extensão compressiva : TempoemMáximo Extensão compressiva;"81,74800";sec
Módulo (Automático) : Módulo (Automático);"3,074";MPa

Tempo;Extensão;Carga;Deformaçao compressiva;Esforço à compressiva;Extensão compressiva;Carga compressiva
(sec);(mm);(N);(mm/mm);(MPa);(mm);(N)
"0,00000";"-0,00118";"0,00023";"0,000";"0,000";"0,000";"0,000"
"0,10000";"-0,00193";"0,00009";"0,000";"0,000";"0,001";"0,000"
"0,20000";"-0,00434";"0,00008";"0,000";"0,000";"0,003";"0,000"
"0,30000";"-0,00621";"0,00027";"0,000";"0,000";"0,005";"0,000"
"0,40000";"-0,00793";"0,00009";"0,000";"0,000";"0,007";"0,000"
"0,50000";"-0,00954";"0,00020";"0,000";"0,000";"0,008";"0,000"
"0,60000";"-0,01136";"0,00037";"0,001";"0,000";"0,010";"0,000"
"0,70000";"-0,01286";"0,00013";"0,001";"0,000";"0,012";"0,000"
"0,80000";"-0,01452";"0,00032";"0,001";"0,000";"0,013";"0,000"
"0,90000";"-0,01623";"0,00018";"0,001";"0,000";"0,015";"0,000"
"1,00000";"-0,01789";"0,00031";"0,001";"0,000";"0,017";"0,000"
"1,10000";"-0,01955";"0,00032";"0,001";"0,000";"0,018";"0,000"
"1,20000";"-0,02132";"0,00017";"0,001";"0,000";"0,020";"0,000"
"1,30000";"-0,02287";"0,00010";"0,001";"0,000";"0,022";"0,000"
"1,40000";"-0,02448";"0,00009";"0,001";"0,000";"0,023";"0,000"
"1,50000";"-0,02620";"0,00018";"0,001";"0,000";"0,025";"0,000"
"1,60000";"-0,02791";"0,00022";"0,001";"0,000";"0,027";"0,000"
"1,70000";"-0,02952";"0,00003";"0,001";"0,000";"0,028";"0,000"
"1,80000";"-0,03134";"0,00014";"0,002";"0,000";"0,030";"0,000"
"1,90000";"-0,03289";"0,00011";"0,002";"0,000";"0,032";"0,000"
"2,00000";"-0,03445";"0,00029";"0,002";"0,000";"0,033";"0,000"
"2,10000";"-0,03621";"0,00025";"0,002";"0,000";"0,035";"0,000"
"2,20000";"-0,03793";"0,00037";"0,002";"0,000";"0,037";"0,000"
"2,30000";"-0,03948";"0,00015";"0,002";"0,000";"0,038";"0,000"
"2,40000";"-0,04136";"0,00024";"0,002";"0,000";"0,040";"0,000"
"2,50000";"-0,04291";"0,00021";"0,002";"0,000";"0,042";"0,000"
"2,60000";"-0,04446";"0,00011";"0,002";"0,000";"0,043";"0,000"
"2,70000";"-0,04618";"0,00028";"0,002";"0,000";"0,045";"0,000"
"2,80000";"-0,04795";"0,00024";"0,002";"0,000";"0,047";"0,000"
"2,90000";"-0,04950";"0,00025";"0,002";"0,000";"0,048";"0,000"
"3,00000";"-0,05127";"0,00013";"0,002";"0,000";"0,050";"0,000"
"3,10000";"-0,05293";"0,00009";"0,003";"0,000";"0,052";"0,000"
"3,20000";"-0,05448";"0,00017";"0,003";"0,000";"0,053";"0,000"
"3,30000";"-0,05614";"0,00015";"0,003";"0,000";"0,055";"0,000"
"3,40000";"-0,05796";"0,00030";"0,003";"0,000";"0,057";"0,000"
"3,50000";"-0,05952";"-0,00001";"0,003";"0,000";"0,058";"0,000"
"3,60000";"-0,06123";"0,00007";"0,003";"0,000";"0,060";"0,000"
"3,70000";"-0,06300";"0,00006";"0,003";"0,000";"0,062";"0,000"
"3,80000";"-0,06445";"0,00009";"0,003";"0,000";"0,063";"0,000"
"3,90000";"-0,06616";"0,00018";"0,003";"0,000";"0,065";"0,000"
"4,00000";"-0,06793";"0,00022";"0,003";"0,000";"0,067";"0,000"
"4,10000";"-0,06959";"0,00013";"0,003";"0,000";"0,068";"0,000"
"4,20000";"-0,07125";"0,00003";"0,003";"0,000";"0,070";"0,000"
"4,30000";"-0,07302";"0,00040";"0,004";"0,000";"0,072";"0,000"
"4,40000";"-0,07446";"0,00026";"0,004";"0,000";"0,073";"0,000"
"4,50000";"-0,07618";"0,00027";"0,004";"0,000";"0,075";"0,000"
"4,60000";"-0,07789";"0,00022";"0,004";"0,000";"0,077";"0,000"
"4,70000";"-0,07955";"0,00014";"0,004";"0,000";"0,078";"0,000"
"4,80000";"-0,08121";"0,00001";"0,004";"0,000";"0,080";"0,000"
"4,90000";"-0,08304";"0,00006";"0,004";"0,000";"0,082";"0,000"
"5,00000";"-0,08448";"-0,01847";"0,004";"0,000";"0,083";"0,018"
"5,05200";"-0,08534";"-0,04373";"0,004";"0,000";"0,084";"0,044"
"5,07200";"-0,08566";"-0,06930";"0,004";"0,000";"0,084";"0,069"
"5,08800";"-0,08593";"-0,09551";"0,004";"0,000";"0,085";"0,096"
"5,11000";"-0,08630";"-0,12166";"0,004";"0,000";"0,085";"0,122"
"5,16000";"-0,08716";"-0,14830";"0,004";"0,000";"0,086";"0,148"
"5,17200";"-0,08737";"-0,17619";"0,004";"0,001";"0,086";"0,176"
"5,18200";"-0,08754";"-0,20494";"0,004";"0,001";"0,086";"0,205"
"5,19200";"-0,08775";"-0,23219";"0,004";"0,001";"0,086";"0,232"
"5,20600";"-0,08802";"-0,25794";"0,004";"0,001";"0,087";"0,258"
"5,25000";"-0,08877";"-0,28377";"0,004";"0,001";"0,087";"0,284"
"5,32600";"-0,09000";"-0,30940";"0,004";"0,001";"0,089";"0,309"
"5,40600";"-0,09134";"-0,33743";"0,005";"0,001";"0,090";"0,337"
"5,42400";"-0,09166";"-0,36347";"0,005";"0,001";"0,090";"0,363"
"5,45200";"-0,09214";"-0,38866";"0,005";"0,001";"0,091";"0,389"
"5,48000";"-0,09268";"-0,36168";"0,005";"0,001";"0,091";"0,362"
"5,49200";"-0,09289";"-0,33430";"0,005";"0,001";"0,092";"0,334"
"5,50600";"-0,09316";"-0,30696";"0,005";"0,001";"0,092";"0,307"
"5,60600";"-0,09461";"-0,33028";"0,005";"0,001";"0,093";"0,330"
"5,66000";"-0,09546";"-0,35703";"0,005";"0,001";"0,094";"0,357"
"5,67000";"-0,09562";"-0,38302";"0,005";"0,001";"0,094";"0,383"
"5,68000";"-0,09579";"-0,40978";"0,005";"0,001";"0,094";"0,410"
"5,69400";"-0,09605";"-0,43622";"0,005";"0,001";"0,095";"0,436"
"5,72400";"-0,09654";"-0,40668";"0,005";"0,001";"0,095";"0,407"
"5,73200";"-0,09670";"-0,38071";"0,005";"0,001";"0,095";"0,381"
"5,74200";"-0,09686";"-0,35439";"0,005";"0,001";"0,096";"0,354"
"5,80600";"-0,09798";"-0,37984";"0,005";"0,001";"0,097";"0,380"
"5,83400";"-0,09846";"-0,40568";"0,005";"0,001";"0,097";"0,406"
"5,87400";"-0,09916";"-0,37698";"0,005";"0,001";"0,098";"0,377"
"5,88400";"-0,09932";"-0,34590";"0,005";"0,001";"0,098";"0,346"
"5,89200";"-0,09943";"-0,31850";"0,005";"0,001";"0,098";"0,319"
"5,90000";"-0,09954";"-0,29100";"0,005";"0,001";"0,098";"0,291"
"5,90800";"-0,09970";"-0,26453";"0,005";"0,001";"0,098";"0,265"
"5,91800";"-0,09986";"-0,23422";"0,005";"0,001";"0,099";"0,234"
"5,93000";"-0,10002";"-0,20755";"0,005";"0,001";"0,099";"0,208"
"5,97000";"-0,10066";"-0,23278";"0,005";"0,001";"0,099";"0,233"
"5,98400";"-0,10087";"-0,25876";"0,005";"0,001";"0,100";"0,259"
"6,02400";"-0,10157";"-0,23227";"0,005";"0,001";"0,100";"0,232"
"6,03600";"-0,10179";"-0,20377";"0,005";"0,001";"0,100";"0,204"
"6,05000";"-0,10205";"-0,17580";"0,005";"0,001";"0,101";"0,176"
"6,07000";"-0,10243";"-0,15027";"0,005";"0,000";"0,101";"0,150"
"6,12200";"-0,10339";"-0,17753";"0,005";"0,001";"0,102";"0,178"
"6,14600";"-0,10377";"-0,20297";"0,005";"0,001";"0,102";"0,203"
"6,24600";"-0,10527";"-0,20659";"0,005";"0,001";"0,104";"0,207"
"6,27000";"-0,10564";"-0,23234";"0,005";"0,001";"0,104";"0,232"
"6,29000";"-0,10596";"-0,25787";"0,005";"0,001";"0,105";"0,258"
"6,33200";"-0,10666";"-0,28315";"0,005";"0,001";"0,105";"0,283"
"6,38000";"-0,10752";"-0,30842";"0,005";"0,001";"0,106";"0,308"
"6,42800";"-0,10837";"-0,33497";"0,005";"0,001";"0,107";"0,335"
"6,44400";"-0,10864";"-0,36062";"0,005";"0,001";"0,107";"0,361"
"6,46400";"-0,10896";"-0,38616";"0,005";"0,001";"0,108";"0,386"
"6,56400";"-0,11057";"-0,38973";"0,005";"0,001";"0,109";"0,390"
"6,62000";"-0,11154";"-0,41559";"0,006";"0,001";"0,110";"0,416"
"6,72000";"-0,11336";"-0,42694";"0,006";"0,001";"0,112";"0,427"
"6,78600";"-0,11432";"-0,40174";"0,006";"0,001";"0,113";"0,402"
"6,87400";"-0,11571";"-0,42684";"0,006";"0,001";"0,114";"0,427"
"6,89000";"-0,11598";"-0,45186";"0,006";"0,001";"0,115";"0,452"
"6,99000";"-0,11764";"-0,46143";"0,006";"0,002";"0,116";"0,461"
"7,06000";"-0,11887";"-0,43548";"0,006";"0,001";"0,118";"0,435"
"7,09200";"-0,11946";"-0,40937";"0,006";"0,001";"0,118";"0,409"
"7,17600";"-0,12080";"-0,43447";"0,006";"0,001";"0,120";"0,434"
"7,27000";"-0,12241";"-0,40906";"0,006";"0,001";"0,121";"0,409"
"7,29600";"-0,12289";"-0,38362";"0,006";"0,001";"0,122";"0,384"
"7,39600";"-0,12450";"-0,37111";"0,006";"0,001";"0,123";"0,371"
"7,49600";"-0,12605";"-0,36535";"0,006";"0,001";"0,125";"0,365"
"7,52000";"-0,12648";"-0,33917";"0,006";"0,001";"0,125";"0,339"
"7,57600";"-0,12745";"-0,36460";"0,006";"0,001";"0,126";"0,365"
"7,63400";"-0,12846";"-0,33885";"0,006";"0,001";"0,127";"0,339"
"7,73400";"-0,13018";"-0,32622";"0,006";"0,001";"0,129";"0,326"
"7,78600";"-0,13098";"-0,35135";"0,006";"0,001";"0,130";"0,351"
"7,88600";"-0,13270";"-0,33837";"0,007";"0,001";"0,131";"0,338"
"7,93200";"-0,13361";"-0,36507";"0,007";"0,001";"0,132";"0,365"
"7,99000";"-0,13446";"-0,39028";"0,007";"0,001";"0,133";"0,390"
"8,09000";"-0,13596";"-0,40899";"0,007";"0,001";"0,135";"0,409"
"8,19000";"-0,13768";"-0,39395";"0,007";"0,001";"0,136";"0,394"
"8,29000";"-0,13945";"-0,39173";"0,007";"0,001";"0,138";"0,392"
"8,31400";"-0,13982";"-0,36552";"0,007";"0,001";"0,139";"0,366"
"8,34800";"-0,14036";"-0,34034";"0,007";"0,001";"0,139";"0,340"
"8,42200";"-0,14154";"-0,31410";"0,007";"0,001";"0,140";"0,314"
"8,52200";"-0,14336";"-0,29695";"0,007";"0,001";"0,142";"0,297"
"8,62200";"-0,14496";"-0,29224";"0,007";"0,001";"0,144";"0,292"
"8,72200";"-0,14646";"-0,29109";"0,007";"0,001";"0,145";"0,291"
"8,79600";"-0,14775";"-0,26488";"0,007";"0,001";"0,146";"0,265"
"8,88600";"-0,14936";"-0,23965";"0,007";"0,001";"0,148";"0,240"
"8,92000";"-0,14995";"-0,21443";"0,007";"0,001";"0,149";"0,214"
"9,00600";"-0,15129";"-0,18885";"0,008";"0,001";"0,150";"0,189"
"9,10600";"-0,15300";"-0,16699";"0,008";"0,001";"0,152";"0,167"
"9,20600";"-0,15477";"-0,18844";"0,008";"0,001";"0,153";"0,188"
"9,26800";"-0,15562";"-0,21375";"0,008";"0,001";"0,154";"0,214"
"9,28600";"-0,15589";"-0,24107";"0,008";"0,001";"0,155";"0,241"
"9,30200";"-0,15616";"-0,26928";"0,008";"0,001";"0,155";"0,269"
"9,31800";"-0,15643";"-0,29624";"0,008";"0,001";"0,155";"0,296"
"9,33600";"-0,15670";"-0,32336";"0,008";"0,001";"0,155";"0,323"
"9,35400";"-0,15702";"-0,35085";"0,008";"0,001";"0,156";"0,351"
"9,37000";"-0,15729";"-0,37773";"0,008";"0,001";"0,156";"0,378"
"9,38600";"-0,15755";"-0,40491";"0,008";"0,001";"0,156";"0,405"
"9,40800";"-0,15793";"-0,43131";"0,008";"0,001";"0,157";"0,431"
"9,50800";"-0,15975";"-0,41337";"0,008";"0,001";"0,158";"0,413"
"9,60800";"-0,16136";"-0,42042";"0,008";"0,001";"0,160";"0,420"
"9,70800";"-0,16302";"-0,40558";"0,008";"0,001";"0,162";"0,406"
"9,80800";"-0,16479";"-0,41112";"0,008";"0,001";"0,163";"0,411"
"9,90800";"-0,16629";"-0,42430";"0,008";"0,001";"0,165";"0,424"
"10,00800";"-0,16795";"-0,43043";"0,008";"0,001";"0,167";"0,430"
"10,05000";"-0,16870";"-0,40451";"0,008";"0,001";"0,167";"0,405"
"10,15000";"-0,17041";"-0,41398";"0,008";"0,001";"0,169";"0,414"
"10,25000";"-0,17202";"-0,41069";"0,009";"0,001";"0,171";"0,411"
"10,29400";"-0,17277";"-0,38503";"0,009";"0,001";"0,171";"0,385"
"10,37400";"-0,17421";"-0,35951";"0,009";"0,001";"0,173";"0,360"
"10,39800";"-0,17470";"-0,33203";"0,009";"0,001";"0,173";"0,332"
"10,42200";"-0,17507";"-0,30641";"0,009";"0,001";"0,174";"0,306"
"10,52000";"-0,17652";"-0,28104";"0,009";"0,001";"0,175";"0,281"
"10,59600";"-0,17775";"-0,25598";"0,009";"0,001";"0,176";"0,256"
"10,62400";"-0,17823";"-0,23058";"0,009";"0,001";"0,177";"0,231"
"10,72400";"-0,17995";"-0,21398";"0,009";"0,001";"0,179";"0,214"
"10,82400";"-0,18161";"-0,20523";"0,009";"0,001";"0,180";"0,205"
"10,92400";"-0,18327";"-0,22101";"0,009";"0,001";"0,182";"0,221"
"10,95200";"-0,18380";"-0,24846";"0,009";"0,001";"0,183";"0,248"
"10,97200";"-0,18418";"-0,27423";"0,009";"0,001";"0,183";"0,274"
"10,99000";"-0,18450";"-0,30026";"0,009";"0,001";"0,183";"0,300"
"11,00800";"-0,18482";"-0,32534";"0,009";"0,001";"0,184";"0,325"
"11,03200";"-0,18525";"-0,35093";"0,009";"0,001";"0,184";"0,351"
"11,06800";"-0,18573";"-0,37627";"0,009";"0,001";"0,184";"0,376"
"11,09600";"-0,18616";"-0,40130";"0,009";"0,001";"0,185";"0,401"
"11,15600";"-0,18707";"-0,42707";"0,009";"0,001";"0,186";"0,427"
"11,25600";"-0,18873";"-0,41511";"0,009";"0,001";"0,187";"0,415"
"11,30000";"-0,18954";"-0,39008";"0,009";"0,001";"0,188";"0,390"
"11,35000";"-0,19039";"-0,36505";"0,009";"0,001";"0,189";"0,365"
"11,40000";"-0,19125";"-0,33877";"0,009";"0,001";"0,190";"0,339"
"11,42200";"-0,19157";"-0,31348";"0,010";"0,001";"0,190";"0,313"
"11,46600";"-0,19227";"-0,28792";"0,010";"0,001";"0,191";"0,288"
"11,49600";"-0,19275";"-0,26191";"0,010";"0,001";"0,191";"0,262"
"11,59600";"-0,19457";"-0,25456";"0,010";"0,001";"0,193";"0,255"
"11,69600";"-0,19618";"-0,25056";"0,010";"0,001";"0,195";"0,251"
"11,76800";"-0,19725";"-0,27655";"0,010";"0,001";"0,196";"0,277"
"11,81600";"-0,19805";"-0,30176";"0,010";"0,001";"0,197";"0,302"
"11,90000";"-0,19950";"-0,32781";"0,010";"0,001";"0,198";"0,328"
"11,92800";"-0,19998";"-0,35400";"0,010";"0,001";"0,199";"0,354"
"11,98600";"-0,20100";"-0,38003";"0,010";"0,001";"0,200";"0,380"
"12,02000";"-0,20159";"-0,40538";"0,010";"0,001";"0,200";"0,405"
"12,10400";"-0,20287";"-0,43086";"0,010";"0,001";"0,202";"0,431"
"12,20400";"-0,20470";"-0,41302";"0,010";"0,001";"0,203";"0,413"
"12,28800";"-0,20609";"-0,38761";"0,010";"0,001";"0,205";"0,388"
"12,32400";"-0,20657";"-0,36240";"0,010";"0,001";"0,205";"0,362"
"12,42400";"-0,20823";"-0,34667";"0,010";"0,001";"0,207";"0,347"
"12,52400";"-0,20989";"-0,32509";"0,010";"0,001";"0,209";"0,325"
"12,62400";"-0,21166";"-0,33357";"0,011";"0,001";"0,210";"0,334"
"12,72400";"-0,21327";"-0,33349";"0,011";"0,001";"0,212";"0,333"
"12,79600";"-0,21450";"-0,35873";"0,011";"0,001";"0,213";"0,359"
"12,89600";"-0,21621";"-0,37259";"0,011";"0,001";"0,215";"0,373"
"12,99600";"-0,21771";"-0,35533";"0,011";"0,001";"0,216";"0,355"
"13,09600";"-0,21943";"-0,34210";"0,011";"0,001";"0,218";"0,342"
"13,19600";"-0,22120";"-0,32110";"0,011";"0,001";"0,220";"0,321"
"13,26600";"-0,22232";"-0,29594";"0,011";"0,001";"0,221";"0,296"
"13,35800";"-0,22382";"-0,32100";"0,011";"0,001";"0,223";"0,321"
"13,38800";"-0,22436";"-0,34608";"0,011";"0,001";"0,223";"0,346"
"13,48800";"-0,22612";"-0,35959";"0,011";"0,001";"0,225";"0,360"
"13,58800";"-0,22757";"-0,36193";"0,011";"0,001";"0,226";"0,362"
"13,68800";"-0,22929";"-0,35024";"0,011";"0,001";"0,228";"0,350"
"13,78800";"-0,23105";"-0,33993";"0,011";"0,001";"0,230";"0,340"
"13,82800";"-0,23175";"-0,31227";"0,012";"0,001";"0,230";"0,312"
"13,84200";"-0,23196";"-0,28498";"0,012";"0,001";"0,231";"0,285"
"13,85600";"-0,23218";"-0,25832";"0,012";"0,001";"0,231";"0,258"
"13,90600";"-0,23298";"-0,23196";"0,012";"0,001";"0,232";"0,232"
"13,92400";"-0,23325";"-0,20548";"0,012";"0,001";"0,232";"0,205"
"13,94000";"-0,23352";"-0,17850";"0,012";"0,001";"0,232";"0,178"
"14,04000";"-0,23534";"-0,18708";"0,012";"0,001";"0,234";"0,187"
"14,14000";"-0,23689";"-0,21138";"0,012";"0,001";"0,236";"0,211"
"14,24000";"-0,23845";"-0,18586";"0,012";"0,001";"0,237";"0,186"
"14,32200";"-0,23989";"-0,21147";"0,012";"0,001";"0,239";"0,211"
"14,37400";"-0,24080";"-0,23662";"0,012";"0,001";"0,240";"0,237"
"14,39600";"-0,24118";"-0,26373";"0,012";"0,001";"0,240";"0,264"
"14,41800";"-0,24161";"-0,29026";"0,012";"0,001";"0,240";"0,290"
"14,45800";"-0,24220";"-0,31599";"0,012";"0,001";"0,241";"0,316"
"14,48000";"-0,24252";"-0,34146";"0,012";"0,001";"0,241";"0,341"
"14,49800";"-0,24279";"-0,36737";"0,012";"0,001";"0,241";"0,367"
"14,56000";"-0,24380";"-0,39263";"0,012";"0,001";"0,243";"0,393"
"14,63800";"-0,24525";"-0,41767";"0,012";"0,001";"0,244";"0,418"
"14,73800";"-0,24691";"-0,39575";"0,012";"0,001";"0,246";"0,396"
"14,83800";"-0,24841";"-0,39262";"0,012";"0,001";"0,247";"0,393"
"14,93800";"-0,25012";"-0,39372";"0,012";"0,001";"0,249";"0,394"
"15,03800";"-0,25189";"-0,38205";"0,013";"0,001";"0,251";"0,382"
"15,09000";"-0,25270";"-0,35607";"0,013";"0,001";"0,251";"0,356"
"15,17600";"-0,25409";"-0,33047";"0,013";"0,001";"0,253";"0,330"
"15,21400";"-0,25479";"-0,30524";"0,013";"0,001";"0,253";"0,305"
"15,31400";"-0,25661";"-0,30003";"0,013";"0,001";"0,255";"0,300"
"15,40800";"-0,25795";"-0,32588";"0,013";"0,001";"0,257";"0,326"
"15,50800";"-0,25961";"-0,31166";"0,013";"0,001";"0,258";"0,312"
"15,56200";"-0,26057";"-0,33694";"0,013";"0,001";"0,259";"0,337"
"15,65800";"-0,26229";"-0,36317";"0,013";"0,001";"0,261";"0,363"
"15,75800";"-0,26379";"-0,37009";"0,013";"0,001";"0,262";"0,370"
"15,78200";"-0,26421";"-0,39590";"0,013";"0,001";"0,263";"0,396"
"15,86200";"-0,26566";"-0,42162";"0,013";"0,001";"0,264";"0,422"
"15,88400";"-0,26609";"-0,44685";"0,013";"0,001";"0,265";"0,447"
"15,90400";"-0,26646";"-0,47293";"0,013";"0,002";"0,265";"0,473"
"15,92000";"-0,26668";"-0,50135";"0,013";"0,002";"0,265";"0,501"
"15,93200";"-0,26689";"-0,52861";"0,013";"0,002";"0,266";"0,529"
"15,94600";"-0,26705";"-0,55633";"0,013";"0,002";"0,266";"0,556"
"15,96200";"-0,26732";"-0,58504";"0,013";"0,002";"0,266";"0,585"
"15,97600";"-0,26748";"-0,61294";"0,013";"0,002";"0,266";"0,613"
"15,99000";"-0,26770";"-0,63969";"0,013";"0,002";"0,266";"0,640"
"16,00800";"-0,26796";"-0,66630";"0,013";"0,002";"0,267";"0,666"
"16,07600";"-0,26909";"-0,69212";"0,013";"0,002";"0,268";"0,692"
"16,17600";"-0,27075";"-0,70139";"0,013";"0,002";"0,269";"0,701"
"16,27600";"-0,27252";"-0,68149";"0,014";"0,002";"0,271";"0,681"
"16,35400";"-0,27380";"-0,70650";"0,014";"0,002";"0,273";"0,706"
"16,44800";"-0,27541";"-0,73259";"0,014";"0,002";"0,274";"0,733"
"16,51200";"-0,27659";"-0,75810";"0,014";"0,002";"0,275";"0,758"
"16,60800";"-0,27793";"-0,78468";"0,014";"0,003";"0,277";"0,785"
"16,70800";"-0,27964";"-0,78505";"0,014";"0,003";"0,278";"0,785"
"16,73000";"-0,28002";"-0,81153";"0,014";"0,003";"0,279";"0,812"
"16,78400";"-0,28087";"-0,78533";"0,014";"0,003";"0,280";"0,785"
"16,88400";"-0,28264";"-0,78423";"0,014";"0,003";"0,281";"0,784"
"16,98400";"-0,28430";"-0,80680";"0,014";"0,003";"0,283";"0,807"
"17,08400";"-0,28602";"-0,79238";"0,014";"0,003";"0,285";"0,792"
"17,16000";"-0,28736";"-0,76734";"0,014";"0,003";"0,286";"0,767"
"17,22000";"-0,28821";"-0,74172";"0,014";"0,002";"0,287";"0,742"
"17,25800";"-0,28875";"-0,71589";"0,014";"0,002";"0,287";"0,716"
"17,35800";"-0,29046";"-0,69950";"0,014";"0,002";"0,289";"0,699"
"17,39600";"-0,29111";"-0,72568";"0,014";"0,002";"0,290";"0,726"
"17,49600";"-0,29282";"-0,74002";"0,015";"0,002";"0,292";"0,740"
"17,55600";"-0,29384";"-0,76653";"0,015";"0,003";"0,293";"0,767"
"17,64800";"-0,29534";"-0,79236";"0,015";"0,003";"0,294";"0,792"
"17,67000";"-0,29577";"-0,81948";"0,015";"0,003";"0,294";"0,819"
"17,69000";"-0,29609";"-0,84500";"0,015";"0,003";"0,295";"0,845"
"17,73600";"-0,29695";"-0,87043";"0,015";"0,003";"0,296";"0,870"
"17,76400";"-0,29743";"-0,89621";"0,015";"0,003";"0,296";"0,896"
"17,79000";"-0,29780";"-0,92234";"0,015";"0,003";"0,297";"0,922"
"17,87800";"-0,29909";"-0,94798";"0,015";"0,003";"0,298";"0,948"
"17,95800";"-0,30048";"-0,97449";"0,015";"0,003";"0,299";"0,974"
"17,98200";"-0,30086";"-1,00123";"0,015";"0,003";"0,300";"1,001"
"18,02400";"-0,30161";"-1,02631";"0,015";"0,003";"0,300";"1,026"
"18,07800";"-0,30252";"-1,05139";"0,015";"0,003";"0,301";"1,051"
"18,16400";"-0,30396";"-1,07648";"0,015";"0,004";"0,303";"1,076"
"18,21200";"-0,30471";"-1,10172";"0,015";"0,004";"0,303";"1,102"
"18,25800";"-0,30552";"-1,12773";"0,015";"0,004";"0,304";"1,128"
"18,33200";"-0,30686";"-1,15326";"0,015";"0,004";"0,306";"1,153"
"18,40400";"-0,30804";"-1,17880";"0,015";"0,004";"0,307";"1,179"
"18,50400";"-0,30954";"-1,19145";"0,015";"0,004";"0,308";"1,191"
"18,60400";"-0,31125";"-1,19128";"0,015";"0,004";"0,310";"1,191"
"18,66000";"-0,31221";"-1,21668";"0,016";"0,004";"0,311";"1,217"
"18,71200";"-0,31312";"-1,24298";"0,016";"0,004";"0,312";"1,243"
"18,74200";"-0,31361";"-1,26823";"0,016";"0,004";"0,312";"1,268"
"18,78600";"-0,31430";"-1,29454";"0,016";"0,004";"0,313";"1,295"
"18,81000";"-0,31473";"-1,31966";"0,016";"0,004";"0,313";"1,320"
"18,84000";"-0,31516";"-1,34529";"0,016";"0,004";"0,314";"1,345"
"18,87200";"-0,31570";"-1,37157";"0,016";"0,004";"0,314";"1,372"
"18,91400";"-0,31645";"-1,39883";"0,016";"0,005";"0,315";"1,399"
"18,93200";"-0,31677";"-1,42583";"0,016";"0,005";"0,315";"1,426"
"18,95200";"-0,31720";"-1,45157";"0,016";"0,005";"0,316";"1,452"
"18,98200";"-0,31773";"-1,47778";"0,016";"0,005";"0,316";"1,478"
"19,02000";"-0,31832";"-1,50372";"0,016";"0,005";"0,317";"1,504"
"19,08200";"-0,31923";"-1,53004";"0,016";"0,005";"0,318";"1,530"
"19,14000";"-0,32014";"-1,50416";"0,016";"0,005";"0,319";"1,504"
"19,21400";"-0,32137";"-1,47850";"0,016";"0,005";"0,320";"1,478"
"19,24000";"-0,32186";"-1,45316";"0,016";"0,005";"0,321";"1,453"
"19,28200";"-0,32255";"-1,42786";"0,016";"0,005";"0,321";"1,428"
"19,38200";"-0,32427";"-1,42653";"0,016";"0,005";"0,323";"1,427"
"19,48200";"-0,32587";"-1,40549";"0,016";"0,005";"0,325";"1,405"
"19,58200";"-0,32775";"-1,38878";"0,016";"0,005";"0,326";"1,389"
"19,62000";"-0,32834";"-1,41564";"0,016";"0,005";"0,327";"1,416"
"19,71400";"-0,32973";"-1,44112";"0,016";"0,005";"0,328";"1,441"
"19,78800";"-0,33091";"-1,46613";"0,016";"0,005";"0,330";"1,466"
"19,82600";"-0,33161";"-1,49166";"0,017";"0,005";"0,330";"1,492"
"19,90200";"-0,33295";"-1,51707";"0,017";"0,005";"0,332";"1,517"
"19,92200";"-0,33327";"-1,54297";"0,017";"0,005";"0,332";"1,543"
"20,02200";"-0,33493";"-1,54786";"0,017";"0,005";"0,334";"1,548"
"20,10800";"-0,33637";"-1,57355";"0,017";"0,005";"0,335";"1,574"
"20,19200";"-0,33793";"-1,54773";"0,017";"0,005";"0,337";"1,548"
"20,29200";"-0,33937";"-1,54417";"0,017";"0,005";"0,338";"1,544"
"20,39200";"-0,34104";"-1,55393";"0,017";"0,005";"0,340";"1,554"
"20,46200";"-0,34221";"-1,58001";"0,017";"0,005";"0,341";"1,580"
"20,56200";"-0,34398";"-1,60541";"0,017";"0,005";"0,343";"1,605"
"20,61000";"-0,34473";"-1,63079";"0,017";"0,005";"0,343";"1,631"
"20,68600";"-0,34596";"-1,65694";"0,017";"0,005";"0,345";"1,657"
"20,73600";"-0,34687";"-1,68219";"0,017";"0,006";"0,346";"1,682"
"20,77600";"-0,34762";"-1,70770";"0,017";"0,006";"0,346";"1,708"
"20,82200";"-0,34843";"-1,73382";"0,017";"0,006";"0,347";"1,734"
"20,92200";"-0,34982";"-1,72508";"0,017";"0,006";"0,349";"1,725"
"20,96000";"-0,35046";"-1,69789";"0,017";"0,006";"0,349";"1,698"
"20,98400";"-0,35084";"-1,67131";"0,017";"0,005";"0,350";"1,671"
"21,02600";"-0,35159";"-1,64536";"0,018";"0,005";"0,350";"1,645"
"21,07400";"-0,35245";"-1,62035";"0,018";"0,005";"0,351";"1,620"
"21,13200";"-0,35346";"-1,59447";"0,018";"0,005";"0,352";"1,594"
"21,16000";"-0,35395";"-1,56909";"0,018";"0,005";"0,353";"1,569"
"21,26000";"-0,35550";"-1,57261";"0,018";"0,005";"0,354";"1,573"
"21,33200";"-0,35673";"-1,59780";"0,018";"0,005";"0,355";"1,598"
"21,37600";"-0,35759";"-1,62330";"0,018";"0,005";"0,356";"1,623"
"21,43000";"-0,35855";"-1,64867";"0,018";"0,005";"0,357";"1,649"
"21,53000";"-0,36000";"-1,63476";"0,018";"0,005";"0,359";"1,635"
"21,60800";"-0,36129";"-1,60793";"0,018";"0,005";"0,360";"1,608"
"21,64600";"-0,36193";"-1,58244";"0,018";"0,005";"0,361";"1,582"
"21,74600";"-0,36370";"-1,58237";"0,018";"0,005";"0,362";"1,582"
"21,78200";"-0,36429";"-1,60783";"0,018";"0,005";"0,363";"1,608"
"21,85400";"-0,36541";"-1,63389";"0,018";"0,005";"0,364";"1,634"
"21,87200";"-0,36573";"-1,65935";"0,018";"0,005";"0,364";"1,659"
"21,89800";"-0,36616";"-1,68476";"0,018";"0,006";"0,365";"1,685"
"21,99800";"-0,36793";"-1,69053";"0,018";"0,006";"0,367";"1,691"
"22,09400";"-0,36948";"-1,66532";"0,018";"0,005";"0,368";"1,665"
"22,19400";"-0,37104";"-1,68009";"0,018";"0,006";"0,370";"1,680"
"22,28400";"-0,37254";"-1,70540";"0,019";"0,006";"0,371";"1,705"
"22,31800";"-0,37318";"-1,73201";"0,019";"0,006";"0,372";"1,732"
"22,35600";"-0,37382";"-1,75797";"0,019";"0,006";"0,373";"1,758"
"22,38600";"-0,37436";"-1,78357";"0,019";"0,006";"0,373";"1,784"
"22,48600";"-0,37596";"-1,77511";"0,019";"0,006";"0,375";"1,775"
"22,51600";"-0,37645";"-1,74983";"0,019";"0,006";"0,375";"1,750"
"22,55000";"-0,37704";"-1,72362";"0,019";"0,006";"0,376";"1,724"
"22,57200";"-0,37741";"-1,69641";"0,019";"0,006";"0,376";"1,696"
"22,61600";"-0,37827";"-1,67077";"0,019";"0,005";"0,377";"1,671"
"22,64200";"-0,37870";"-1,64310";"0,019";"0,005";"0,377";"1,643"
"22,66000";"-0,37902";"-1,61715";"0,019";"0,005";"0,378";"1,617"
"22,71000";"-0,37971";"-1,59140";"0,019";"0,005";"0,378";"1,591"
"22,74400";"-0,38025";"-1,56512";"0,019";"0,005";"0,379";"1,565"
"22,84400";"-0,38191";"-1,55481";"0,019";"0,005";"0,381";"1,555"
"22,94400";"-0,38362";"-1,57869";"0,019";"0,005";"0,382";"1,579"
"23,04400";"-0,38529";"-1,58742";"0,019";"0,005";"0,384";"1,587"
"23,09200";"-0,38604";"-1,61306";"0,019";"0,005";"0,385";"1,613"
"23,14600";"-0,38695";"-1,63843";"0,019";"0,005";"0,386";"1,638"
"23,17600";"-0,38748";"-1,66561";"0,019";"0,005";"0,386";"1,666"
"23,27600";"-0,38930";"-1,67340";"0,019";"0,005";"0,388";"1,673"
"23,37600";"-0,39075";"-1,67267";"0,019";"0,005";"0,389";"1,673"
"23,40800";"-0,39129";"-1,69914";"0,020";"0,006";"0,390";"1,699"
"23,43400";"-0,39171";"-1,72421";"0,020";"0,006";"0,390";"1,724"
"23,46000";"-0,39220";"-1,74936";"0,020";"0,006";"0,391";"1,749"
"23,56000";"-0,39386";"-1,74044";"0,020";"0,006";"0,393";"1,740"
"23,57800";"-0,39418";"-1,71483";"0,020";"0,006";"0,393";"1,715"
"23,67800";"-0,39584";"-1,70223";"0,020";"0,006";"0,395";"1,702"
"23,77800";"-0,39750";"-1,71313";"0,020";"0,006";"0,396";"1,713"
"23,87800";"-0,39932";"-1,70804";"0,020";"0,006";"0,398";"1,708"
"23,97800";"-0,40082";"-1,72129";"0,020";"0,006";"0,400";"1,721"
"24,07800";"-0,40248";"-1,71094";"0,020";"0,006";"0,401";"1,711"
"24,17800";"-0,40420";"-1,71257";"0,020";"0,006";"0,403";"1,713"
"24,21200";"-0,40479";"-1,68721";"0,020";"0,006";"0,403";"1,687"
"24,31200";"-0,40639";"-1,68709";"0,020";"0,006";"0,405";"1,687"
"24,41200";"-0,40805";"-1,71044";"0,020";"0,006";"0,407";"1,710"
"24,51200";"-0,40987";"-1,69863";"0,020";"0,006";"0,409";"1,699"
"24,61000";"-0,41132";"-1,72401";"0,021";"0,006";"0,410";"1,724"
"24,66200";"-0,41218";"-1,74959";"0,021";"0,006";"0,411";"1,750"
"24,69200";"-0,41266";"-1,77579";"0,021";"0,006";"0,411";"1,776"
"24,71800";"-0,41314";"-1,80141";"0,021";"0,006";"0,412";"1,801"
"24,74800";"-0,41368";"-1,82762";"0,021";"0,006";"0,412";"1,828"
"24,77000";"-0,41405";"-1,85328";"0,021";"0,006";"0,413";"1,853"
"24,82600";"-0,41502";"-1,87831";"0,021";"0,006";"0,414";"1,878"
"24,84800";"-0,41539";"-1,90565";"0,021";"0,006";"0,414";"1,906"
"24,94800";"-0,41695";"-1,92854";"0,021";"0,006";"0,416";"1,929"
"25,04800";"-0,41877";"-1,94918";"0,021";"0,006";"0,417";"1,949"
"25,13600";"-0,42021";"-1,97494";"0,021";"0,006";"0,419";"1,975"
"25,15600";"-0,42048";"-2,00186";"0,021";"0,007";"0,419";"2,002"
"25,25600";"-0,42209";"-2,01390";"0,021";"0,007";"0,421";"2,014"
"25,35200";"-0,42370";"-2,04018";"0,021";"0,007";"0,422";"2,040"
"25,37200";"-0,42402";"-2,06708";"0,021";"0,007";"0,423";"2,067"
"25,46200";"-0,42557";"-2,09279";"0,021";"0,007";"0,424";"2,093"
"25,48000";"-0,42589";"-2,11872";"0,021";"0,007";"0,425";"2,119"
"25,52600";"-0,42664";"-2,14411";"0,021";"0,007";"0,425";"2,144"
"25,55000";"-0,42702";"-2,16925";"0,021";"0,007";"0,426";"2,169"
"25,57000";"-0,42734";"-2,19471";"0,021";"0,007";"0,426";"2,195"
"25,60000";"-0,42787";"-2,22164";"0,021";"0,007";"0,427";"2,222"
"25,61800";"-0,42814";"-2,24789";"0,021";"0,007";"0,427";"2,248"
"25,63200";"-0,42841";"-2,27364";"0,021";"0,007";"0,427";"2,274"
"25,64600";"-0,42868";"-2,30100";"0,021";"0,008";"0,427";"2,301"
"25,66200";"-0,42900";"-2,32864";"0,021";"0,008";"0,428";"2,329"
"25,68200";"-0,42937";"-2,35473";"0,021";"0,008";"0,428";"2,355"
"25,70600";"-0,42980";"-2,38090";"0,021";"0,008";"0,429";"2,381"
"25,73000";"-0,43018";"-2,40803";"0,021";"0,008";"0,429";"2,408"
"25,83000";"-0,43162";"-2,42132";"0,022";"0,008";"0,430";"2,421"
"25,88600";"-0,43259";"-2,39595";"0,022";"0,008";"0,431";"2,396"
"25,91400";"-0,43307";"-2,36930";"0,022";"0,008";"0,432";"2,369"
"25,96600";"-0,43393";"-2,34328";"0,022";"0,008";"0,433";"2,343"
"25,99200";"-0,43441";"-2,31617";"0,022";"0,008";"0,433";"2,316"
"26,01000";"-0,43473";"-2,28962";"0,022";"0,008";"0,433";"2,290"
"26,03200";"-0,43511";"-2,26413";"0,022";"0,007";"0,434";"2,264"
"26,13200";"-0,43677";"-2,24389";"0,022";"0,007";"0,435";"2,244"
"26,23200";"-0,43843";"-2,25515";"0,022";"0,007";"0,437";"2,255"
"26,28000";"-0,43929";"-2,28073";"0,022";"0,007";"0,438";"2,281"
"26,34200";"-0,44036";"-2,30703";"0,022";"0,008";"0,439";"2,307"
"26,44200";"-0,44186";"-2,31101";"0,022";"0,008";"0,441";"2,311"
"26,51600";"-0,44309";"-2,28521";"0,022";"0,007";"0,442";"2,285"
"26,61600";"-0,44486";"-2,26449";"0,022";"0,007";"0,444";"2,264"
"26,68200";"-0,44598";"-2,23933";"0,022";"0,007";"0,445";"2,239"
"26,74000";"-0,44689";"-2,21432";"0,022";"0,007";"0,446";"2,214"
"26,80400";"-0,44796";"-2,18903";"0,022";"0,007";"0,447";"2,189"
"26,90400";"-0,44979";"-2,19084";"0,022";"0,007";"0,448";"2,191"
"27,00400";"-0,45129";"-2,18570";"0,023";"0,007";"0,450";"2,186"
"27,10400";"-0,45284";"-2,17392";"0,023";"0,007";"0,452";"2,174"
"27,20400";"-0,45461";"-2,18950";"0,023";"0,007";"0,453";"2,190"
"27,27000";"-0,45579";"-2,21477";"0,023";"0,007";"0,454";"2,215"
"27,32200";"-0,45659";"-2,24046";"0,023";"0,007";"0,455";"2,240"
"27,34600";"-0,45696";"-2,26651";"0,023";"0,007";"0,456";"2,267"
"27,38000";"-0,45750";"-2,29214";"0,023";"0,008";"0,456";"2,292"
"27,47000";"-0,45905";"-2,31754";"0,023";"0,008";"0,458";"2,318"
"27,57000";"-0,46082";"-2,30453";"0,023";"0,008";"0,460";"2,305"
"27,59400";"-0,46114";"-2,27722";"0,023";"0,007";"0,460";"2,277"
"27,66400";"-0,46216";"-2,25168";"0,023";"0,007";"0,461";"2,252"
"27,69800";"-0,46275";"-2,22620";"0,023";"0,007";"0,461";"2,226"
"27,79800";"-0,46446";"-2,21746";"0,023";"0,007";"0,463";"2,217"
"27,86600";"-0,46570";"-2,24377";"0,023";"0,007";"0,464";"2,244"
"27,96000";"-0,46720";"-2,26965";"0,023";"0,007";"0,466";"2,270"
"28,06000";"-0,46886";"-2,26322";"0,023";"0,007";"0,468";"2,263"
"28,13200";"-0,47020";"-2,23721";"0,023";"0,007";"0,469";"2,237"
"28,23200";"-0,47175";"-2,22959";"0,024";"0,007";"0,470";"2,230"
"28,33200";"-0,47336";"-2,22706";"0,024";"0,007";"0,472";"2,227"
"28,43200";"-0,47502";"-2,23769";"0,024";"0,007";"0,474";"2,238"
"28,53200";"-0,47679";"-2,24341";"0,024";"0,007";"0,475";"2,243"
"28,63200";"-0,47839";"-2,24521";"0,024";"0,007";"0,477";"2,245"
"28,73200";"-0,48016";"-2,22663";"0,024";"0,007";"0,479";"2,227"
"28,83200";"-0,48177";"-2,22622";"0,024";"0,007";"0,480";"2,226"
"28,93200";"-0,48332";"-2,21660";"0,024";"0,007";"0,482";"2,217"
"28,99200";"-0,48434";"-2,24320";"0,024";"0,007";"0,483";"2,243"
"29,01800";"-0,48477";"-2,27012";"0,024";"0,007";"0,483";"2,270"
"29,04000";"-0,48520";"-2,29541";"0,024";"0,008";"0,484";"2,295"
"29,06400";"-0,48562";"-2,32126";"0,024";"0,008";"0,484";"2,321"
"29,10200";"-0,48627";"-2,34659";"0,024";"0,008";"0,485";"2,347"
"29,14000";"-0,48691";"-2,37242";"0,024";"0,008";"0,486";"2,372"
"29,24000";"-0,48852";"-2,37824";"0,024";"0,008";"0,487";"2,378"
"29,28000";"-0,48921";"-2,35316";"0,024";"0,008";"0,488";"2,353"
"29,38000";"-0,49104";"-2,33008";"0,024";"0,008";"0,490";"2,330"
"29,48000";"-0,49248";"-2,32080";"0,025";"0,008";"0,491";"2,321"
"29,58000";"-0,49414";"-2,34532";"0,025";"0,008";"0,493";"2,345"
"29,66200";"-0,49554";"-2,32030";"0,025";"0,008";"0,494";"2,320"
"29,72600";"-0,49666";"-2,29337";"0,025";"0,008";"0,495";"2,293"
"29,74200";"-0,49693";"-2,26708";"0,025";"0,007";"0,496";"2,267"
"29,80600";"-0,49800";"-2,24157";"0,025";"0,007";"0,497";"2,242"
"29,90200";"-0,49961";"-2,21654";"0,025";"0,007";"0,498";"2,217"
"30,00200";"-0,50143";"-2,21325";"0,025";"0,007";"0,500";"2,213"
"30,09600";"-0,50277";"-2,23888";"0,025";"0,007";"0,501";"2,239"
"30,19600";"-0,50443";"-2,25307";"0,025";"0,007";"0,503";"2,253"
"30,29600";"-0,50614";"-2,26272";"0,025";"0,007";"0,505";"2,263"
"30,39600";"-0,50786";"-2,26887";"0,025";"0,007";"0,507";"2,269"
"30,49600";"-0,50946";"-2,25949";"0,025";"0,007";"0,508";"2,259"
"30,54800";"-0,51037";"-2,28469";"0,025";"0,007";"0,509";"2,285"
"30,59200";"-0,51123";"-2,31085";"0,025";"0,008";"0,510";"2,311"
"30,62600";"-0,51182";"-2,33685";"0,026";"0,008";"0,511";"2,337"
"30,65000";"-0,51214";"-2,36248";"0,026";"0,008";"0,511";"2,362"
"30,72400";"-0,51321";"-2,38759";"0,026";"0,008";"0,512";"2,388"
"30,80600";"-0,51455";"-2,41317";"0,026";"0,008";"0,513";"2,413"
"30,84800";"-0,51525";"-2,43878";"0,026";"0,008";"0,514";"2,439"
"30,88200";"-0,51584";"-2,46416";"0,026";"0,008";"0,515";"2,464"
"30,93600";"-0,51686";"-2,49017";"0,026";"0,008";"0,516";"2,490"
"31,00600";"-0,51804";"-2,51546";"0,026";"0,008";"0,517";"2,515"
"31,03600";"-0,51852";"-2,54047";"0,026";"0,008";"0,517";"2,540"
"31,06800";"-0,51900";"-2,56647";"0,026";"0,008";"0,518";"2,566"
"31,10000";"-0,51954";"-2,59330";"0,026";"0,009";"0,518";"2,593"
"31,12200";"-0,51991";"-2,62016";"0,026";"0,009";"0,519";"2,620"
"31,16600";"-0,52066";"-2,64526";"0,026";"0,009";"0,519";"2,645"
"31,20000";"-0,52136";"-2,67032";"0,026";"0,009";"0,520";"2,670"
"31,25000";"-0,52216";"-2,69568";"0,026";"0,009";"0,521";"2,696"
"31,32600";"-0,52329";"-2,72181";"0,026";"0,009";"0,522";"2,722"
"31,37400";"-0,52404";"-2,74729";"0,026";"0,009";"0,523";"2,747"
"31,40600";"-0,52457";"-2,77284";"0,026";"0,009";"0,523";"2,773"
"31,45400";"-0,52537";"-2,79848";"0,026";"0,009";"0,524";"2,798"
"31,55000";"-0,52709";"-2,82430";"0,026";"0,009";"0,526";"2,824"
"31,65000";"-0,52870";"-2,84835";"0,026";"0,009";"0,527";"2,848"
"31,70800";"-0,52961";"-2,87338";"0,026";"0,009";"0,528";"2,873"
"31,80800";"-0,53143";"-2,89483";"0,027";"0,009";"0,530";"2,895"
"31,87200";"-0,53250";"-2,92069";"0,027";"0,010";"0,531";"2,921"
"31,97200";"-0,53400";"-2,93529";"0,027";"0,010";"0,533";"2,935"
"32,07200";"-0,53566";"-2,93455";"0,027";"0,010";"0,534";"2,935"
"32,17200";"-0,53743";"-2,95538";"0,027";"0,010";"0,536";"2,955"
"32,27200";"-0,53909";"-2,96494";"0,027";"0,010";"0,538";"2,965"
"32,37200";"-0,54075";"-2,98192";"0,027";"0,010";"0,539";"2,982"
"32,44800";"-0,54214";"-2,95678";"0,027";"0,010";"0,541";"2,957"
"32,52200";"-0,54321";"-2,93158";"0,027";"0,010";"0,542";"2,932"
"32,56600";"-0,54391";"-2,90486";"0,027";"0,010";"0,543";"2,905"
"32,66600";"-0,54557";"-2,90329";"0,027";"0,010";"0,544";"2,903"
"32,69800";"-0,54616";"-2,93140";"0,027";"0,010";"0,545";"2,931"
"32,71000";"-0,54637";"-2,95978";"0,027";"0,010";"0,545";"2,960"
"32,72000";"-0,54654";"-2,98619";"0,027";"0,010";"0,545";"2,986"
"32,73200";"-0,54675";"-3,01328";"0,027";"0,010";"0,545";"3,013"
"32,75200";"-0,54712";"-3,03919";"0,027";"0,010";"0,546";"3,039"
"32,85200";"-0,54873";"-3,05441";"0,027";"0,010";"0,547";"3,054"
"32,91400";"-0,54975";"-3,08022";"0,027";"0,010";"0,548";"3,080"
"32,98400";"-0,55098";"-3,10680";"0,027";"0,010";"0,550";"3,107"
"33,08400";"-0,55275";"-3,10953";"0,028";"0,010";"0,551";"3,110"
"33,16000";"-0,55382";"-3,08413";"0,028";"0,010";"0,553";"3,084"
"33,21000";"-0,55462";"-3,05913";"0,028";"0,010";"0,553";"3,059"
"33,26400";"-0,55554";"-3,03275";"0,028";"0,010";"0,554";"3,033"
"33,29600";"-0,55612";"-3,00656";"0,028";"0,010";"0,555";"3,007"
"33,35800";"-0,55720";"-2,98083";"0,028";"0,010";"0,556";"2,981"
"33,43000";"-0,55843";"-2,95582";"0,028";"0,010";"0,557";"2,956"
"33,53000";"-0,55998";"-2,95973";"0,028";"0,010";"0,559";"2,960"
"33,63000";"-0,56186";"-2,94053";"0,028";"0,010";"0,561";"2,941"
"33,73000";"-0,56341";"-2,95227";"0,028";"0,010";"0,562";"2,952"
"33,83000";"-0,56496";"-2,96953";"0,028";"0,010";"0,564";"2,970"
"33,89600";"-0,56609";"-2,99528";"0,028";"0,010";"0,565";"2,995"
"33,92600";"-0,56662";"-3,02147";"0,028";"0,010";"0,565";"3,021"
"33,98400";"-0,56764";"-3,04664";"0,028";"0,010";"0,566";"3,047"
"34,05200";"-0,56877";"-3,07247";"0,028";"0,010";"0,567";"3,072"
"34,15200";"-0,57037";"-3,07727";"0,028";"0,010";"0,569";"3,077"
"34,25200";"-0,57225";"-3,08500";"0,029";"0,010";"0,571";"3,085"
"34,35200";"-0,57375";"-3,09506";"0,029";"0,010";"0,572";"3,095"
"34,45200";"-0,57530";"-3,09512";"0,029";"0,010";"0,574";"3,095"
"34,55200";"-0,57707";"-3,11318";"0,029";"0,010";"0,576";"3,113"
"34,65200";"-0,57879";"-3,11712";"0,029";"0,010";"0,577";"3,117"
"34,72000";"-0,57986";"-3,14312";"0,029";"0,010";"0,579";"3,143"
"34,80200";"-0,58125";"-3,16821";"0,029";"0,010";"0,580";"3,168"
"34,90200";"-0,58307";"-3,19140";"0,029";"0,010";"0,582";"3,191"
"35,00200";"-0,58452";"-3,21013";"0,029";"0,011";"0,583";"3,210"
"35,10200";"-0,58618";"-3,21435";"0,029";"0,011";"0,585";"3,214"
"35,17600";"-0,58746";"-3,18841";"0,029";"0,010";"0,586";"3,188"
"35,27600";"-0,58918";"-3,16731";"0,029";"0,010";"0,588";"3,167"
"35,37600";"-0,59084";"-3,15688";"0,029";"0,010";"0,590";"3,157"
"35,47600";"-0,59261";"-3,16322";"0,030";"0,010";"0,591";"3,163"
"35,57600";"-0,59411";"-3,15788";"0,030";"0,010";"0,593";"3,158"
"35,67600";"-0,59577";"-3,13604";"0,030";"0,010";"0,594";"3,136"
"35,72800";"-0,59662";"-3,11103";"0,030";"0,010";"0,595";"3,111"
"35,78200";"-0,59754";"-3,08463";"0,030";"0,010";"0,596";"3,085"
"35,87800";"-0,59920";"-3,05859";"0,030";"0,010";"0,598";"3,059"
"35,94400";"-0,60027";"-3,03203";"0,030";"0,010";"0,599";"3,032"
"36,00000";"-0,60118";"-3,00669";"0,030";"0,010";"0,600";"3,007"
"36,03800";"-0,60187";"-2,98149";"0,030";"0,010";"0,601";"2,981"
"36,08600";"-0,60273";"-2,95628";"0,030";"0,010";"0,601";"2,956"
"36,13000";"-0,60354";"-2,93092";"0,030";"0,010";"0,602";"2,931"
"36,15400";"-0,60386";"-2,90548";"0,030";"0,010";"0,603";"2,905"
"36,18200";"-0,60429";"-2,87977";"0,030";"0,009";"0,603";"2,880"
"36,22600";"-0,60493";"-2,85466";"0,030";"0,009";"0,604";"2,855"
"36,25200";"-0,60536";"-2,82936";"0,030";"0,009";"0,604";"2,829"
"36,27600";"-0,60573";"-2,80354";"0,030";"0,009";"0,604";"2,804"
"36,29600";"-0,60611";"-2,77550";"0,030";"0,009";"0,605";"2,775"
"36,31200";"-0,60637";"-2,74923";"0,030";"0,009";"0,605";"2,749"
"36,36200";"-0,60718";"-2,72371";"0,030";"0,009";"0,606";"2,724"
"36,39200";"-0,60771";"-2,69705";"0,030";"0,009";"0,606";"2,697"
"36,42400";"-0,60830";"-2,67088";"0,030";"0,009";"0,607";"2,671"
"36,46800";"-0,60905";"-2,64525";"0,030";"0,009";"0,608";"2,645"
"36,56800";"-0,61066";"-2,64072";"0,030";"0,009";"0,609";"2,641"
"36,60200";"-0,61120";"-2,66651";"0,030";"0,009";"0,610";"2,667"
"36,63000";"-0,61168";"-2,69166";"0,031";"0,009";"0,610";"2,692"
"36,69800";"-0,61296";"-2,71705";"0,031";"0,009";"0,612";"2,717"
"36,72200";"-0,61339";"-2,74324";"0,031";"0,009";"0,612";"2,743"
"36,76400";"-0,61404";"-2,76873";"0,031";"0,009";"0,613";"2,769"
"36,78600";"-0,61436";"-2,79448";"0,031";"0,009";"0,613";"2,794"
"36,80800";"-0,61462";"-2,82181";"0,031";"0,009";"0,613";"2,822"
"36,86400";"-0,61554";"-2,84731";"0,031";"0,009";"0,614";"2,847"
"36,88600";"-0,61591";"-2,87494";"0,031";"0,009";"0,615";"2,875"
"36,90600";"-0,61623";"-2,90014";"0,031";"0,010";"0,615";"2,900"
"36,95800";"-0,61714";"-2,92630";"0,031";"0,010";"0,616";"2,926"
"37,00800";"-0,61800";"-2,95149";"0,031";"0,010";"0,617";"2,951"
"37,05600";"-0,61886";"-2,97652";"0,031";"0,010";"0,618";"2,977"
"37,15600";"-0,62046";"-2,98321";"0,031";"0,010";"0,619";"2,983"
"37,25600";"-0,62212";"-2,98290";"0,031";"0,010";"0,621";"2,983"
"37,35600";"-0,62395";"-2,99896";"0,031";"0,010";"0,623";"2,999"
"37,43000";"-0,62502";"-3,02416";"0,031";"0,010";"0,624";"3,024"
"37,51800";"-0,62646";"-2,99904";"0,031";"0,010";"0,625";"2,999"
"37,61800";"-0,62812";"-3,00777";"0,031";"0,010";"0,627";"3,008"
"37,71800";"-0,62984";"-3,00267";"0,031";"0,010";"0,629";"3,003"
"37,81800";"-0,63150";"-2,99298";"0,032";"0,010";"0,630";"2,993"
"37,87000";"-0,63236";"-3,01896";"0,032";"0,010";"0,631";"3,019"
"37,97000";"-0,63418";"-3,03222";"0,032";"0,010";"0,633";"3,032"
"38,07000";"-0,63568";"-3,02780";"0,032";"0,010";"0,634";"3,028"
"38,17000";"-0,63734";"-3,01033";"0,032";"0,010";"0,636";"3,010"
"38,27000";"-0,63905";"-2,99405";"0,032";"0,010";"0,638";"2,994"
"38,32000";"-0,63991";"-2,96892";"0,032";"0,010";"0,639";"2,969"
"38,35800";"-0,64050";"-2,94272";"0,032";"0,010";"0,639";"2,943"
"38,39000";"-0,64104";"-2,91687";"0,032";"0,010";"0,640";"2,917"
"38,49000";"-0,64275";"-2,91024";"0,032";"0,010";"0,641";"2,910"
"38,59000";"-0,64452";"-2,92990";"0,032";"0,010";"0,643";"2,930"
"38,68400";"-0,64586";"-2,95524";"0,032";"0,010";"0,645";"2,955"
"38,74800";"-0,64693";"-2,98082";"0,032";"0,010";"0,646";"2,981"
"38,77200";"-0,64736";"-3,00674";"0,032";"0,010";"0,646";"3,007"
"38,79000";"-0,64768";"-3,03322";"0,032";"0,010";"0,646";"3,033"
"38,80800";"-0,64795";"-3,05949";"0,032";"0,010";"0,647";"3,059"
"38,82200";"-0,64821";"-3,08621";"0,032";"0,010";"0,647";"3,086"
"38,84000";"-0,64854";"-3,11127";"0,032";"0,010";"0,647";"3,111"
"38,86200";"-0,64891";"-3,13897";"0,032";"0,010";"0,648";"3,139"
"38,88000";"-0,64923";"-3,16709";"0,032";"0,010";"0,648";"3,167"
"38,89800";"-0,64955";"-3,19362";"0,032";"0,010";"0,648";"3,194"
"38,91800";"-0,64987";"-3,21903";"0,032";"0,011";"0,649";"3,219"
"38,93600";"-0,65020";"-3,24529";"0,032";"0,011";"0,649";"3,245"
"38,95600";"-0,65052";"-3,27175";"0,032";"0,011";"0,649";"3,272"
"38,99200";"-0,65111";"-3,29737";"0,032";"0,011";"0,650";"3,297"
"39,01400";"-0,65143";"-3,32523";"0,033";"0,011";"0,650";"3,325"
"39,03000";"-0,65170";"-3,35108";"0,033";"0,011";"0,650";"3,351"
"39,04800";"-0,65196";"-3,37804";"0,033";"0,011";"0,651";"3,378"
"39,06200";"-0,65223";"-3,40342";"0,033";"0,011";"0,651";"3,403"
"39,07400";"-0,65245";"-3,43127";"0,033";"0,011";"0,651";"3,431"
"39,08600";"-0,65266";"-3,45734";"0,033";"0,011";"0,651";"3,457"
"39,13800";"-0,65362";"-3,48234";"0,033";"0,011";"0,652";"3,482"
"39,18400";"-0,65443";"-3,50800";"0,033";"0,012";"0,653";"3,508"
"39,28400";"-0,65587";"-3,52840";"0,033";"0,012";"0,655";"3,528"
"39,38400";"-0,65754";"-3,52171";"0,033";"0,012";"0,656";"3,522"
"39,47800";"-0,65920";"-3,54736";"0,033";"0,012";"0,658";"3,547"
"39,53400";"-0,66016";"-3,57334";"0,033";"0,012";"0,659";"3,573"
"39,57400";"-0,66080";"-3,59873";"0,033";"0,012";"0,660";"3,599"
"39,67400";"-0,66246";"-3,61539";"0,033";"0,012";"0,661";"3,615"
"39,77400";"-0,66429";"-3,64217";"0,033";"0,012";"0,663";"3,642"
"39,83200";"-0,66514";"-3,66835";"0,033";"0,012";"0,664";"3,668"
"39,86600";"-0,66562";"-3,69386";"0,033";"0,012";"0,664";"3,694"
"39,91400";"-0,66637";"-3,71916";"0,033";"0,012";"0,665";"3,719"
"39,96800";"-0,66723";"-3,74471";"0,033";"0,012";"0,666";"3,745"
"39,98800";"-0,66761";"-3,77118";"0,033";"0,012";"0,666";"3,771"
"40,00400";"-0,66787";"-3,79763";"0,033";"0,012";"0,667";"3,798"
"40,02200";"-0,66820";"-3,82280";"0,033";"0,013";"0,667";"3,823"
"40,04800";"-0,66862";"-3,84814";"0,033";"0,013";"0,667";"3,848"
"40,08000";"-0,66921";"-3,87401";"0,033";"0,013";"0,668";"3,874"
"40,10800";"-0,66975";"-3,90016";"0,033";"0,013";"0,668";"3,900"
"40,12400";"-0,67002";"-3,92585";"0,033";"0,013";"0,669";"3,926"
"40,14000";"-0,67029";"-3,95244";"0,033";"0,013";"0,669";"3,952"
"40,22800";"-0,67162";"-3,97783";"0,034";"0,013";"0,670";"3,978"
"40,32800";"-0,67334";"-3,98486";"0,034";"0,013";"0,672";"3,985"
"40,41400";"-0,67495";"-4,01014";"0,034";"0,013";"0,674";"4,010"
"40,51400";"-0,67634";"-4,01825";"0,034";"0,013";"0,675";"4,018"
"40,61400";"-0,67805";"-4,00035";"0,034";"0,013";"0,677";"4,000"
"40,71400";"-0,67982";"-3,98833";"0,034";"0,013";"0,679";"3,988"
"40,74400";"-0,68036";"-3,96064";"0,034";"0,013";"0,679";"3,961"
"40,75800";"-0,68057";"-3,93487";"0,034";"0,013";"0,679";"3,935"
"40,80600";"-0,68132";"-3,90845";"0,034";"0,013";"0,680";"3,908"
"40,82400";"-0,68159";"-3,88003";"0,034";"0,013";"0,680";"3,880"
"40,84000";"-0,68186";"-3,85284";"0,034";"0,013";"0,681";"3,853"
"40,94000";"-0,68357";"-3,82835";"0,034";"0,013";"0,682";"3,828"
"41,04000";"-0,68534";"-3,80732";"0,034";"0,012";"0,684";"3,807"
"41,08400";"-0,68593";"-3,83292";"0,034";"0,013";"0,685";"3,833"
"41,15000";"-0,68695";"-3,85862";"0,034";"0,013";"0,686";"3,859"
"41,20000";"-0,68780";"-3,88386";"0,034";"0,013";"0,687";"3,884"
"41,23400";"-0,68839";"-3,90896";"0,034";"0,013";"0,687";"3,909"
"41,29200";"-0,68941";"-3,93444";"0,034";"0,013";"0,688";"3,934"
"41,33800";"-0,69021";"-3,95973";"0,034";"0,013";"0,689";"3,960"
"41,41800";"-0,69155";"-3,98517";"0,035";"0,013";"0,690";"3,985"
"41,48200";"-0,69252";"-4,01035";"0,035";"0,013";"0,691";"4,010"
"41,52400";"-0,69321";"-4,03612";"0,035";"0,013";"0,692";"4,036"
"41,55000";"-0,69370";"-4,06143";"0,035";"0,013";"0,692";"4,061"
"41,65000";"-0,69546";"-4,05786";"0,035";"0,013";"0,694";"4,058"
"41,72000";"-0,69648";"-4,08390";"0,035";"0,013";"0,695";"4,084"
"41,82000";"-0,69814";"-4,10164";"0,035";"0,013";"0,697";"4,102"
"41,92000";"-0,69986";"-4,11642";"0,035";"0,014";"0,699";"4,116"
"42,02000";"-0,70157";"-4,12951";"0,035";"0,014";"0,700";"4,130"
"42,10000";"-0,70286";"-4,15464";"0,035";"0,014";"0,702";"4,155"
"42,20000";"-0,70468";"-4,15386";"0,035";"0,014";"0,703";"4,154"
"42,26800";"-0,70580";"-4,12820";"0,035";"0,014";"0,705";"4,128"
"42,36800";"-0,70725";"-4,12767";"0,035";"0,014";"0,706";"4,128"
"42,46800";"-0,70896";"-4,14456";"0,035";"0,014";"0,708";"4,145"
"42,49000";"-0,70934";"-4,17193";"0,035";"0,014";"0,708";"4,172"
"42,58000";"-0,71095";"-4,19700";"0,035";"0,014";"0,710";"4,197"
"42,68000";"-0,71255";"-4,19507";"0,036";"0,014";"0,711";"4,195"
"42,72800";"-0,71336";"-4,22050";"0,036";"0,014";"0,712";"4,221"
"42,82800";"-0,71518";"-4,23806";"0,036";"0,014";"0,714";"4,238"
"42,86400";"-0,71577";"-4,21247";"0,036";"0,014";"0,714";"4,212"
"42,92200";"-0,71657";"-4,18596";"0,036";"0,014";"0,715";"4,186"
"42,99400";"-0,71770";"-4,16093";"0,036";"0,014";"0,716";"4,161"
"43,03800";"-0,71845";"-4,13523";"0,036";"0,014";"0,717";"4,135"
"43,11600";"-0,71979";"-4,10999";"0,036";"0,013";"0,718";"4,110"
"43,16000";"-0,72054";"-4,08366";"0,036";"0,013";"0,719";"4,084"
"43,19000";"-0,72107";"-4,05855";"0,036";"0,013";"0,720";"4,059"
"43,23400";"-0,72182";"-4,03244";"0,036";"0,013";"0,721";"4,032"
"43,33400";"-0,72343";"-4,01318";"0,036";"0,013";"0,722";"4,013"
"43,43400";"-0,72525";"-4,02771";"0,036";"0,013";"0,724";"4,028"
"43,51800";"-0,72659";"-4,05401";"0,036";"0,013";"0,725";"4,054"
"43,57400";"-0,72739";"-4,08057";"0,036";"0,013";"0,726";"4,081"
"43,59200";"-0,72766";"-4,10623";"0,036";"0,013";"0,726";"4,106"
"43,61400";"-0,72804";"-4,13176";"0,036";"0,014";"0,727";"4,132"
"43,71400";"-0,72970";"-4,12670";"0,036";"0,014";"0,728";"4,127"
"43,81400";"-0,73152";"-4,13798";"0,037";"0,014";"0,730";"4,138"
"43,91400";"-0,73312";"-4,13944";"0,037";"0,014";"0,732";"4,139"
"43,95800";"-0,73382";"-4,11125";"0,037";"0,013";"0,733";"4,111"
"43,98200";"-0,73425";"-4,08603";"0,037";"0,013";"0,733";"4,086"
"44,08200";"-0,73607";"-4,09197";"0,037";"0,013";"0,735";"4,092"
"44,16200";"-0,73725";"-4,11750";"0,037";"0,014";"0,736";"4,117"
"44,20600";"-0,73789";"-4,14354";"0,037";"0,014";"0,737";"4,144"
"44,28200";"-0,73918";"-4,17014";"0,037";"0,014";"0,738";"4,170"
"44,31000";"-0,73966";"-4,19554";"0,037";"0,014";"0,738";"4,196"
"44,34600";"-0,74030";"-4,22090";"0,037";"0,014";"0,739";"4,221"
"44,44600";"-0,74202";"-4,20787";"0,037";"0,014";"0,741";"4,208"
"44,54600";"-0,74362";"-4,20156";"0,037";"0,014";"0,742";"4,202"
"44,64600";"-0,74534";"-4,20168";"0,037";"0,014";"0,744";"4,202"
"44,71400";"-0,74657";"-4,22715";"0,037";"0,014";"0,745";"4,227"
"44,76200";"-0,74721";"-4,25274";"0,037";"0,014";"0,746";"4,253"
"44,78800";"-0,74764";"-4,27887";"0,037";"0,014";"0,746";"4,279"
"44,81000";"-0,74796";"-4,30455";"0,037";"0,014";"0,747";"4,305"
"44,84000";"-0,74845";"-4,32995";"0,037";"0,014";"0,747";"4,330"
"44,94000";"-0,75016";"-4,33565";"0,037";"0,014";"0,749";"4,336"
"45,04000";"-0,75193";"-4,31287";"0,038";"0,014";"0,751";"4,313"
"45,10600";"-0,75295";"-4,33954";"0,038";"0,014";"0,752";"4,340"
"45,12800";"-0,75332";"-4,36566";"0,038";"0,014";"0,752";"4,366"
"45,15600";"-0,75375";"-4,39241";"0,038";"0,014";"0,752";"4,392"
"45,18600";"-0,75429";"-4,41863";"0,038";"0,014";"0,753";"4,419"
"45,21600";"-0,75482";"-4,44475";"0,038";"0,015";"0,754";"4,445"
"45,24000";"-0,75525";"-4,47124";"0,038";"0,015";"0,754";"4,471"
"45,28400";"-0,75611";"-4,49669";"0,038";"0,015";"0,755";"4,497"
"45,38400";"-0,75761";"-4,50995";"0,038";"0,015";"0,756";"4,510"
"45,48400";"-0,75921";"-4,50210";"0,038";"0,015";"0,758";"4,502"
"45,58400";"-0,76093";"-4,50462";"0,038";"0,015";"0,760";"4,505"
"45,68400";"-0,76264";"-4,48577";"0,038";"0,015";"0,761";"4,486"
"45,78000";"-0,76414";"-4,51136";"0,038";"0,015";"0,763";"4,511"
"45,86400";"-0,76570";"-4,53680";"0,038";"0,015";"0,764";"4,537"
"45,92000";"-0,76671";"-4,56378";"0,038";"0,015";"0,765";"4,564"
"45,97600";"-0,76752";"-4,58880";"0,038";"0,015";"0,766";"4,589"
"46,00000";"-0,76784";"-4,61467";"0,038";"0,015";"0,767";"4,615"
"46,08600";"-0,76923";"-4,64126";"0,038";"0,015";"0,768";"4,641"
"46,18600";"-0,77095";"-4,66369";"0,038";"0,015";"0,770";"4,664"
"46,28600";"-0,77266";"-4,66092";"0,039";"0,015";"0,771";"4,661"
"46,33000";"-0,77336";"-4,68619";"0,039";"0,015";"0,772";"4,686"
"46,36400";"-0,77389";"-4,66057";"0,039";"0,015";"0,773";"4,661"
"46,39200";"-0,77437";"-4,63520";"0,039";"0,015";"0,773";"4,635"
"46,43200";"-0,77507";"-4,60906";"0,039";"0,015";"0,774";"4,609"
"46,46800";"-0,77577";"-4,58395";"0,039";"0,015";"0,774";"4,584"
"46,50600";"-0,77652";"-4,55895";"0,039";"0,015";"0,775";"4,559"
"46,60600";"-0,77796";"-4,54431";"0,039";"0,015";"0,777";"4,544"
"46,69800";"-0,77941";"-4,51851";"0,039";"0,015";"0,778";"4,519"
"46,76000";"-0,78048";"-4,49274";"0,039";"0,015";"0,779";"4,493"
"46,79800";"-0,78118";"-4,46771";"0,039";"0,015";"0,780";"4,468"
"46,84000";"-0,78193";"-4,44019";"0,039";"0,015";"0,781";"4,440"
"46,86000";"-0,78225";"-4,41463";"0,039";"0,014";"0,781";"4,415"
"46,89400";"-0,78284";"-4,38933";"0,039";"0,014";"0,782";"4,389"
"46,91800";"-0,78316";"-4,36306";"0,039";"0,014";"0,782";"4,363"
"46,94600";"-0,78364";"-4,33755";"0,039";"0,014";"0,782";"4,338"
"46,96600";"-0,78391";"-4,31189";"0,039";"0,014";"0,783";"4,312"
"46,98800";"-0,78429";"-4,28594";"0,039";"0,014";"0,783";"4,286"
"47,02400";"-0,78493";"-4,26026";"0,039";"0,014";"0,784";"4,260"
"47,12400";"-0,78675";"-4,24026";"0,039";"0,014";"0,785";"4,240"
"47,22400";"-0,78825";"-4,23889";"0,039";"0,014";"0,787";"4,239"
"47,32400";"-0,78986";"-4,24645";"0,039";"0,014";"0,789";"4,246"
"47,42400";"-0,79162";"-4,25542";"0,040";"0,014";"0,790";"4,255"
"47,52400";"-0,79329";"-4,27687";"0,040";"0,014";"0,792";"4,277"
"47,55800";"-0,79382";"-4,30273";"0,040";"0,014";"0,793";"4,303"
"47,64600";"-0,79532";"-4,32801";"0,040";"0,014";"0,794";"4,328"
"47,73600";"-0,79698";"-4,35307";"0,040";"0,014";"0,796";"4,353"
"47,83600";"-0,79843";"-4,36903";"0,040";"0,014";"0,797";"4,369"
"47,93600";"-0,80009";"-4,37728";"0,040";"0,014";"0,799";"4,377"
"48,03600";"-0,80180";"-4,36794";"0,040";"0,014";"0,801";"4,368"
"48,13600";"-0,80352";"-4,38453";"0,040";"0,014";"0,802";"4,385"
"48,17400";"-0,80411";"-4,41059";"0,040";"0,014";"0,803";"4,411"
"48,20600";"-0,80464";"-4,43606";"0,040";"0,015";"0,803";"4,436"
"48,26800";"-0,80566";"-4,41104";"0,040";"0,014";"0,804";"4,411"
"48,33000";"-0,80684";"-4,38461";"0,040";"0,014";"0,806";"4,385"
"48,37400";"-0,80759";"-4,35874";"0,040";"0,014";"0,806";"4,359"
"48,39200";"-0,80780";"-4,33264";"0,040";"0,014";"0,807";"4,333"
"48,40400";"-0,80796";"-4,30722";"0,040";"0,014";"0,807";"4,307"
"48,42600";"-0,80834";"-4,28138";"0,040";"0,014";"0,807";"4,281"
"48,46600";"-0,80893";"-4,25502";"0,040";"0,014";"0,808";"4,255"
"48,48200";"-0,80914";"-4,22894";"0,040";"0,014";"0,808";"4,229"
"48,49800";"-0,80941";"-4,20356";"0,040";"0,014";"0,808";"4,204"
"48,59800";"-0,81112";"-4,20985";"0,040";"0,014";"0,810";"4,210"
"48,66800";"-0,81236";"-4,18339";"0,041";"0,014";"0,811";"4,183"
"48,71400";"-0,81311";"-4,15818";"0,041";"0,014";"0,812";"4,158"
"48,79200";"-0,81434";"-4,13256";"0,041";"0,014";"0,813";"4,133"
"48,81600";"-0,81477";"-4,10476";"0,041";"0,013";"0,813";"4,105"
"48,83400";"-0,81509";"-4,07722";"0,041";"0,013";"0,814";"4,077"
"48,85400";"-0,81541";"-4,05062";"0,041";"0,013";"0,814";"4,051"
"48,87200";"-0,81573";"-4,02425";"0,041";"0,013";"0,814";"4,024"
"48,88600";"-0,81600";"-3,99585";"0,041";"0,013";"0,815";"3,996"
"48,89800";"-0,81621";"-3,96927";"0,041";"0,013";"0,815";"3,969"
"48,91200";"-0,81648";"-3,94192";"0,041";"0,013";"0,815";"3,942"
"48,92800";"-0,81675";"-3,91434";"0,041";"0,013";"0,815";"3,914"
"48,94200";"-0,81702";"-3,88470";"0,041";"0,013";"0,816";"3,885"
"48,95200";"-0,81723";"-3,85886";"0,041";"0,013";"0,816";"3,859"
"48,96200";"-0,81739";"-3,83250";"0,041";"0,013";"0,816";"3,832"
"48,97200";"-0,81755";"-3,80732";"0,041";"0,012";"0,816";"3,807"
"48,98400";"-0,81777";"-3,77948";"0,041";"0,012";"0,816";"3,779"
"49,00200";"-0,81804";"-3,75335";"0,041";"0,012";"0,817";"3,753"
"49,04400";"-0,81862";"-3,72783";"0,041";"0,012";"0,817";"3,728"
"49,06200";"-0,81889";"-3,70142";"0,041";"0,012";"0,818";"3,701"
"49,07800";"-0,81911";"-3,67575";"0,041";"0,012";"0,818";"3,676"
"49,09800";"-0,81943";"-3,64956";"0,041";"0,012";"0,818";"3,650"
"49,12000";"-0,81980";"-3,62278";"0,041";"0,012";"0,819";"3,623"
"49,18200";"-0,82087";"-3,59737";"0,041";"0,012";"0,820";"3,597"
"49,20600";"-0,82125";"-3,57178";"0,041";"0,012";"0,820";"3,572"
"49,23000";"-0,82168";"-3,54631";"0,041";"0,012";"0,820";"3,546"
"49,25800";"-0,82216";"-3,52083";"0,041";"0,012";"0,821";"3,521"
"49,29400";"-0,82280";"-3,49336";"0,041";"0,011";"0,822";"3,493"
"49,31000";"-0,82307";"-3,46835";"0,041";"0,011";"0,822";"3,468"
"49,32400";"-0,82334";"-3,44288";"0,041";"0,011";"0,822";"3,443"
"49,34400";"-0,82366";"-3,41748";"0,041";"0,011";"0,822";"3,417"
"49,37000";"-0,82404";"-3,39098";"0,041";"0,011";"0,823";"3,391"
"49,39000";"-0,82441";"-3,36566";"0,041";"0,011";"0,823";"3,366"
"49,49000";"-0,82602";"-3,36916";"0,041";"0,011";"0,825";"3,369"
"49,53800";"-0,82693";"-3,34367";"0,041";"0,011";"0,826";"3,344"
"49,63800";"-0,82859";"-3,32023";"0,041";"0,011";"0,827";"3,320"
"49,67000";"-0,82907";"-3,29495";"0,041";"0,011";"0,828";"3,295"
"49,70400";"-0,82955";"-3,26868";"0,041";"0,011";"0,828";"3,269"
"49,73000";"-0,82998";"-3,24357";"0,041";"0,011";"0,829";"3,244"
"49,74600";"-0,83025";"-3,21544";"0,041";"0,011";"0,829";"3,215"
"49,75800";"-0,83041";"-3,18946";"0,041";"0,010";"0,829";"3,189"
"49,77200";"-0,83068";"-3,16103";"0,041";"0,010";"0,829";"3,161"
"49,78400";"-0,83089";"-3,13334";"0,041";"0,010";"0,830";"3,133"
"49,79800";"-0,83111";"-3,10597";"0,041";"0,010";"0,830";"3,106"
"49,86200";"-0,83218";"-3,08013";"0,042";"0,010";"0,831";"3,080"
"49,96200";"-0,83395";"-3,08829";"0,042";"0,010";"0,833";"3,088"
"50,02600";"-0,83496";"-3,06300";"0,042";"0,010";"0,834";"3,063"
"50,06000";"-0,83550";"-3,03597";"0,042";"0,010";"0,834";"3,036"
"50,11600";"-0,83646";"-3,01066";"0,042";"0,010";"0,835";"3,011"
"50,15000";"-0,83711";"-2,98529";"0,042";"0,010";"0,836";"2,985"
"50,25000";"-0,83882";"-2,95938";"0,042";"0,010";"0,838";"2,959"
"50,28400";"-0,83930";"-2,93380";"0,042";"0,010";"0,838";"2,934"
"50,37600";"-0,84075";"-2,90752";"0,042";"0,010";"0,839";"2,908"
"50,42800";"-0,84166";"-2,88243";"0,042";"0,009";"0,840";"2,882"
"50,50400";"-0,84295";"-2,85566";"0,042";"0,009";"0,842";"2,856"
"50,52000";"-0,84321";"-2,82603";"0,042";"0,009";"0,842";"2,826"
"50,53000";"-0,84337";"-2,79960";"0,042";"0,009";"0,842";"2,800"
"50,54200";"-0,84359";"-2,77146";"0,042";"0,009";"0,842";"2,771"
"50,56200";"-0,84391";"-2,74436";"0,042";"0,009";"0,843";"2,744"
"50,58400";"-0,84429";"-2,71776";"0,042";"0,009";"0,843";"2,718"
"50,60600";"-0,84466";"-2,68979";"0,042";"0,009";"0,843";"2,690"
"50,62200";"-0,84487";"-2,66466";"0,042";"0,009";"0,844";"2,665"
"50,64200";"-0,84520";"-2,63838";"0,042";"0,009";"0,844";"2,638"
"50,68400";"-0,84589";"-2,61257";"0,042";"0,009";"0,845";"2,613"
"50,70400";"-0,84627";"-2,58644";"0,042";"0,008";"0,845";"2,586"
"50,76800";"-0,84745";"-2,56133";"0,042";"0,008";"0,846";"2,561"
"50,78600";"-0,84777";"-2,53258";"0,042";"0,008";"0,846";"2,533"
"50,79800";"-0,84798";"-2,50482";"0,042";"0,008";"0,847";"2,505"
"50,81000";"-0,84820";"-2,47668";"0,042";"0,008";"0,847";"2,477"
"50,91000";"-0,84964";"-2,46326";"0,042";"0,008";"0,848";"2,463"
"50,95000";"-0,85034";"-2,48842";"0,042";"0,008";"0,849";"2,488"
"50,98000";"-0,85082";"-2,51428";"0,042";"0,008";"0,850";"2,514"
"51,01000";"-0,85130";"-2,53977";"0,043";"0,008";"0,850";"2,540"
"51,08200";"-0,85254";"-2,56617";"0,043";"0,008";"0,851";"2,566"
"51,15000";"-0,85371";"-2,53993";"0,043";"0,008";"0,852";"2,540"
"51,24400";"-0,85527";"-2,51411";"0,043";"0,008";"0,854";"2,514"
"51,29400";"-0,85607";"-2,53918";"0,043";"0,008";"0,855";"2,539"
"51,35800";"-0,85720";"-2,51145";"0,043";"0,008";"0,856";"2,511"
"51,37200";"-0,85746";"-2,48621";"0,043";"0,008";"0,856";"2,486"
"51,38800";"-0,85779";"-2,45955";"0,043";"0,008";"0,856";"2,460"
"51,41200";"-0,85821";"-2,43259";"0,043";"0,008";"0,857";"2,433"
"51,43000";"-0,85854";"-2,40550";"0,043";"0,008";"0,857";"2,406"
"51,44800";"-0,85880";"-2,37938";"0,043";"0,008";"0,858";"2,379"
"51,47000";"-0,85912";"-2,35327";"0,043";"0,008";"0,858";"2,353"
"51,48600";"-0,85934";"-2,32574";"0,043";"0,008";"0,858";"2,326"
"51,50000";"-0,85950";"-2,29757";"0,043";"0,008";"0,858";"2,298"
"51,52600";"-0,85993";"-2,27165";"0,043";"0,007";"0,859";"2,272"
"51,62600";"-0,86159";"-2,26309";"0,043";"0,007";"0,860";"2,263"
"51,67800";"-0,86250";"-2,23796";"0,043";"0,007";"0,861";"2,238"
"51,69600";"-0,86282";"-2,21203";"0,043";"0,007";"0,862";"2,212"
"51,71000";"-0,86304";"-2,18457";"0,043";"0,007";"0,862";"2,185"
"51,72400";"-0,86330";"-2,15736";"0,043";"0,007";"0,862";"2,157"
"51,76200";"-0,86400";"-2,13207";"0,043";"0,007";"0,863";"2,132"
"51,84800";"-0,86534";"-2,15858";"0,043";"0,007";"0,864";"2,159"
"51,94800";"-0,86700";"-2,17575";"0,043";"0,007";"0,866";"2,176"
"51,98800";"-0,86775";"-2,15041";"0,043";"0,007";"0,866";"2,150"
"52,00800";"-0,86818";"-2,12382";"0,043";"0,007";"0,867";"2,124"
"52,06200";"-0,86904";"-2,09723";"0,043";"0,007";"0,868";"2,097"
"52,08200";"-0,86930";"-2,07041";"0,043";"0,007";"0,868";"2,070"
"52,18200";"-0,87080";"-2,07222";"0,043";"0,007";"0,870";"2,072"
"52,28200";"-0,87257";"-2,06301";"0,044";"0,007";"0,871";"2,063"
"52,30400";"-0,87295";"-2,03690";"0,044";"0,007";"0,872";"2,037"
"52,33000";"-0,87343";"-2,01188";"0,044";"0,007";"0,872";"2,012"
"52,41400";"-0,87482";"-1,98480";"0,044";"0,007";"0,874";"1,985"
"52,43600";"-0,87514";"-1,95882";"0,044";"0,006";"0,874";"1,959"
"52,53600";"-0,87680";"-1,95576";"0,044";"0,006";"0,876";"1,956"
"52,63600";"-0,87862";"-1,94466";"0,044";"0,006";"0,877";"1,945"
"52,66200";"-0,87905";"-1,91856";"0,044";"0,006";"0,878";"1,919"
"52,73400";"-0,88007";"-1,89325";"0,044";"0,006";"0,879";"1,893"
"52,77800";"-0,88077";"-1,86744";"0,044";"0,006";"0,879";"1,867"
"52,87800";"-0,88248";"-1,86761";"0,044";"0,006";"0,881";"1,868"
"52,97800";"-0,88425";"-1,84892";"0,044";"0,006";"0,883";"1,849"
"53,01400";"-0,88484";"-1,82391";"0,044";"0,006";"0,884";"1,824"
"53,04200";"-0,88527";"-1,79747";"0,044";"0,006";"0,884";"1,797"
"53,06400";"-0,88559";"-1,77230";"0,044";"0,006";"0,884";"1,772"
"53,12000";"-0,88650";"-1,74679";"0,044";"0,006";"0,885";"1,747"
"53,22000";"-0,88832";"-1,72038";"0,044";"0,006";"0,887";"1,720"
"53,24600";"-0,88880";"-1,69454";"0,044";"0,006";"0,888";"1,695"
"53,33800";"-0,89014";"-1,66814";"0,044";"0,005";"0,889";"1,668"
"53,36200";"-0,89052";"-1,64101";"0,044";"0,005";"0,889";"1,641"
"53,41000";"-0,89127";"-1,61503";"0,045";"0,005";"0,890";"1,615"
"53,43800";"-0,89175";"-1,58983";"0,045";"0,005";"0,890";"1,590"
"53,50400";"-0,89287";"-1,56373";"0,045";"0,005";"0,892";"1,564"
"53,60400";"-0,89470";"-1,56044";"0,045";"0,005";"0,893";"1,560"
"53,66200";"-0,89561";"-1,53509";"0,045";"0,005";"0,894";"1,535"
"53,74000";"-0,89684";"-1,50943";"0,045";"0,005";"0,896";"1,509"
"53,84000";"-0,89871";"-1,50017";"0,045";"0,005";"0,897";"1,500"
"53,86800";"-0,89920";"-1,47389";"0,045";"0,005";"0,898";"1,474"
"53,96800";"-0,90064";"-1,46898";"0,045";"0,005";"0,899";"1,469"
"54,02800";"-0,90161";"-1,44243";"0,045";"0,005";"0,900";"1,442"
"54,05800";"-0,90209";"-1,41725";"0,045";"0,005";"0,901";"1,417"
"54,12800";"-0,90327";"-1,39185";"0,045";"0,005";"0,902";"1,392"
"54,22800";"-0,90509";"-1,41031";"0,045";"0,005";"0,904";"1,410"
"54,32800";"-0,90664";"-1,41924";"0,045";"0,005";"0,905";"1,419"
"54,42800";"-0,90841";"-1,39818";"0,045";"0,005";"0,907";"1,398"
"54,52800";"-0,91007";"-1,40463";"0,045";"0,005";"0,909";"1,405"
"54,57200";"-0,91066";"-1,43018";"0,045";"0,005";"0,909";"1,430"
"54,65400";"-0,91205";"-1,40398";"0,046";"0,005";"0,911";"1,404"
"54,68400";"-0,91254";"-1,37797";"0,046";"0,005";"0,911";"1,378"
"54,73200";"-0,91334";"-1,35091";"0,046";"0,004";"0,912";"1,351"
"54,75800";"-0,91382";"-1,32464";"0,046";"0,004";"0,913";"1,325"
"54,85800";"-0,91554";"-1,32435";"0,046";"0,004";"0,914";"1,324"
"54,95800";"-0,91714";"-1,31612";"0,046";"0,004";"0,916";"1,316"
"54,98600";"-0,91762";"-1,29085";"0,046";"0,004";"0,916";"1,291"
"55,04600";"-0,91875";"-1,26528";"0,046";"0,004";"0,917";"1,265"
"55,10400";"-0,91977";"-1,23894";"0,046";"0,004";"0,918";"1,239"
"55,12400";"-0,92004";"-1,21203";"0,046";"0,004";"0,919";"1,212"
"55,22400";"-0,92154";"-1,22509";"0,046";"0,004";"0,920";"1,225"
"55,27000";"-0,92229";"-1,19926";"0,046";"0,004";"0,921";"1,199"
"55,29400";"-0,92271";"-1,17311";"0,046";"0,004";"0,921";"1,173"
"55,39400";"-0,92443";"-1,15116";"0,046";"0,004";"0,923";"1,151"
"55,44200";"-0,92529";"-1,17659";"0,046";"0,004";"0,924";"1,177"
"55,50400";"-0,92630";"-1,15060";"0,046";"0,004";"0,925";"1,151"
"55,53200";"-0,92679";"-1,12443";"0,046";"0,004";"0,925";"1,124"
"55,63200";"-0,92845";"-1,11044";"0,046";"0,004";"0,927";"1,110"
"55,73200";"-0,93021";"-1,10955";"0,046";"0,004";"0,929";"1,110"
"55,83200";"-0,93166";"-1,10153";"0,047";"0,004";"0,930";"1,102"
"55,93200";"-0,93332";"-1,08275";"0,047";"0,004";"0,932";"1,083"
"56,01600";"-0,93482";"-1,05729";"0,047";"0,003";"0,934";"1,057"
"56,11600";"-0,93654";"-1,03877";"0,047";"0,003";"0,935";"1,039"
"56,21600";"-0,93814";"-1,03873";"0,047";"0,003";"0,937";"1,039"
"56,28200";"-0,93937";"-1,01301";"0,047";"0,003";"0,938";"1,013"
"56,34200";"-0,94039";"-0,98791";"0,047";"0,003";"0,939";"0,988"
"56,37200";"-0,94082";"-0,96228";"0,047";"0,003";"0,940";"0,962"
"56,47200";"-0,94232";"-0,98297";"0,047";"0,003";"0,941";"0,983"
"56,57200";"-0,94404";"-1,00142";"0,047";"0,003";"0,943";"1,001"
"56,67200";"-0,94580";"-1,00084";"0,047";"0,003";"0,945";"1,001"
"56,71800";"-0,94655";"-1,02635";"0,047";"0,003";"0,945";"1,026"
"56,80200";"-0,94789";"-1,05176";"0,047";"0,003";"0,947";"1,052"
"56,90200";"-0,94966";"-1,05399";"0,047";"0,003";"0,948";"1,054"
"56,97200";"-0,95084";"-1,02878";"0,047";"0,003";"0,950";"1,029"
"57,07200";"-0,95234";"-1,02353";"0,048";"0,003";"0,951";"1,024"
"57,10200";"-0,95282";"-0,99763";"0,048";"0,003";"0,952";"0,998"
"57,19400";"-0,95443";"-0,97216";"0,048";"0,003";"0,953";"0,972"
"57,29400";"-0,95614";"-0,95679";"0,048";"0,003";"0,955";"0,957"
"57,33000";"-0,95668";"-0,98254";"0,048";"0,003";"0,955";"0,983"
"57,39400";"-0,95775";"-0,95734";"0,048";"0,003";"0,956";"0,957"
"57,49400";"-0,95946";"-0,93985";"0,048";"0,003";"0,958";"0,940"
"57,59400";"-0,96118";"-0,91760";"0,048";"0,003";"0,960";"0,918"
"57,63400";"-0,96177";"-0,94314";"0,048";"0,003";"0,960";"0,943"
"57,71600";"-0,96305";"-0,91803";"0,048";"0,003";"0,962";"0,918"
"57,77800";"-0,96412";"-0,89206";"0,048";"0,003";"0,963";"0,892"
"57,80000";"-0,96450";"-0,86639";"0,048";"0,003";"0,963";"0,866"
"57,82600";"-0,96498";"-0,84069";"0,048";"0,003";"0,964";"0,841"
"57,86200";"-0,96557";"-0,81424";"0,048";"0,003";"0,964";"0,814"
"57,89200";"-0,96611";"-0,78785";"0,048";"0,003";"0,965";"0,788"
"57,97600";"-0,96745";"-0,81308";"0,048";"0,003";"0,966";"0,813"
"58,07600";"-0,96916";"-0,79981";"0,048";"0,003";"0,968";"0,800"
"58,17600";"-0,97093";"-0,78686";"0,048";"0,003";"0,970";"0,787"
"58,23200";"-0,97173";"-0,81233";"0,049";"0,003";"0,970";"0,812"
"58,26400";"-0,97221";"-0,83794";"0,049";"0,003";"0,971";"0,838"
"58,36400";"-0,97387";"-0,85836";"0,049";"0,003";"0,973";"0,858"
"58,46400";"-0,97564";"-0,84082";"0,049";"0,003";"0,974";"0,841"
"58,55200";"-0,97709";"-0,81499";"0,049";"0,003";"0,976";"0,815"
"58,65200";"-0,97870";"-0,79749";"0,049";"0,003";"0,977";"0,797"
"58,75200";"-0,98057";"-0,78680";"0,049";"0,003";"0,979";"0,787"
"58,85200";"-0,98207";"-0,78080";"0,049";"0,003";"0,981";"0,781"
"58,90600";"-0,98287";"-0,75567";"0,049";"0,002";"0,982";"0,756"
"59,00600";"-0,98459";"-0,73474";"0,049";"0,002";"0,983";"0,735"
"59,10600";"-0,98636";"-0,71584";"0,049";"0,002";"0,985";"0,716"
"59,12800";"-0,98673";"-0,68972";"0,049";"0,002";"0,985";"0,690"
"59,14800";"-0,98705";"-0,66392";"0,049";"0,002";"0,986";"0,664"
"59,24800";"-0,98866";"-0,64759";"0,049";"0,002";"0,987";"0,648"
"59,29000";"-0,98941";"-0,67397";"0,049";"0,002";"0,988";"0,674"
"59,30800";"-0,98973";"-0,69993";"0,049";"0,002";"0,988";"0,700"
"59,38400";"-0,99112";"-0,67454";"0,049";"0,002";"0,990";"0,675"
"59,45000";"-0,99204";"-0,64858";"0,050";"0,002";"0,991";"0,649"
"59,47600";"-0,99241";"-0,62243";"0,050";"0,002";"0,991";"0,622"
"59,53200";"-0,99332";"-0,59722";"0,050";"0,002";"0,992";"0,597"
"59,57000";"-0,99396";"-0,62247";"0,050";"0,002";"0,993";"0,622"
"59,61000";"-0,99466";"-0,64790";"0,050";"0,002";"0,993";"0,648"
"59,68000";"-0,99589";"-0,67382";"0,050";"0,002";"0,995";"0,674"
"59,77200";"-0,99745";"-0,70062";"0,050";"0,002";"0,996";"0,701"
"59,87200";"-0,99905";"-0,69034";"0,050";"0,002";"0,998";"0,690"
"59,97200";"-1,00093";"-0,70484";"0,050";"0,002";"1,000";"0,705"
"60,07200";"-1,00237";"-0,72836";"0,050";"0,002";"1,001";"0,728"
"60,12800";"-1,00323";"-0,70264";"0,050";"0,002";"1,002";"0,703"
"60,22800";"-1,00500";"-0,69402";"0,050";"0,002";"1,004";"0,694"
"60,32800";"-1,00671";"-0,69727";"0,050";"0,002";"1,005";"0,697"
"60,42800";"-1,00832";"-0,71349";"0,050";"0,002";"1,007";"0,713"
"60,48800";"-1,00934";"-0,68715";"0,050";"0,002";"1,008";"0,687"
"60,54400";"-1,01030";"-0,66165";"0,050";"0,002";"1,009";"0,662"
"60,62400";"-1,01170";"-0,68816";"0,051";"0,002";"1,010";"0,688"
"60,65400";"-1,01218";"-0,71391";"0,051";"0,002";"1,011";"0,714"
"60,69400";"-1,01271";"-0,73913";"0,051";"0,002";"1,011";"0,739"
"60,79400";"-1,01437";"-0,72606";"0,051";"0,002";"1,013";"0,726"
"60,81800";"-1,01480";"-0,70070";"0,051";"0,002";"1,014";"0,701"
"60,83800";"-1,01512";"-0,67325";"0,051";"0,002";"1,014";"0,673"
"60,85600";"-1,01545";"-0,64778";"0,051";"0,002";"1,014";"0,648"
"60,87200";"-1,01571";"-0,62162";"0,051";"0,002";"1,014";"0,622"
"60,97200";"-1,01748";"-0,62899";"0,051";"0,002";"1,016";"0,629"
"61,01600";"-1,01818";"-0,65476";"0,051";"0,002";"1,017";"0,655"
"61,11600";"-1,01979";"-0,63047";"0,051";"0,002";"1,018";"0,630"
"61,14600";"-1,02032";"-0,60371";"0,051";"0,002";"1,019";"0,604"
"61,24600";"-1,02209";"-0,59242";"0,051";"0,002";"1,021";"0,592"
"61,34600";"-1,02359";"-0,59884";"0,051";"0,002";"1,022";"0,599"
"61,44600";"-1,02525";"-0,59276";"0,051";"0,002";"1,024";"0,593"
"61,49600";"-1,02611";"-0,56639";"0,051";"0,002";"1,025";"0,566"
"61,57800";"-1,02755";"-0,54093";"0,051";"0,002";"1,026";"0,541"
"61,60800";"-1,02804";"-0,51550";"0,051";"0,002";"1,027";"0,516"
"61,70800";"-1,02964";"-0,50979";"0,051";"0,002";"1,028";"0,510"
"61,80800";"-1,03146";"-0,50924";"0,052";"0,002";"1,030";"0,509"
"61,90800";"-1,03302";"-0,49578";"0,052";"0,002";"1,032";"0,496"
"62,00800";"-1,03462";"-0,51888";"0,052";"0,002";"1,033";"0,519"
"62,07800";"-1,03580";"-0,54424";"0,052";"0,002";"1,035";"0,544"
"62,17600";"-1,03752";"-0,57051";"0,052";"0,002";"1,036";"0,571"
"62,27600";"-1,03912";"-0,56423";"0,052";"0,002";"1,038";"0,564"
"62,37600";"-1,04084";"-0,56871";"0,052";"0,002";"1,040";"0,569"
"62,46200";"-1,04239";"-0,59389";"0,052";"0,002";"1,041";"0,594"
"62,56200";"-1,04384";"-0,57813";"0,052";"0,002";"1,043";"0,578"
"62,66200";"-1,04550";"-0,56154";"0,052";"0,002";"1,044";"0,562"
"62,73600";"-1,04679";"-0,53640";"0,052";"0,002";"1,045";"0,536"
"62,83600";"-1,04855";"-0,53218";"0,052";"0,002";"1,047";"0,532"
"62,93600";"-1,05011";"-0,52262";"0,052";"0,002";"1,049";"0,523"
"63,03600";"-1,05193";"-0,52642";"0,053";"0,002";"1,051";"0,526"
"63,13600";"-1,05348";"-0,51939";"0,053";"0,002";"1,052";"0,519"
"63,23600";"-1,05509";"-0,52694";"0,053";"0,002";"1,054";"0,527"
"63,27000";"-1,05568";"-0,50066";"0,053";"0,002";"1,054";"0,501"
"63,35200";"-1,05707";"-0,47559";"0,053";"0,002";"1,056";"0,476"
"63,45200";"-1,05879";"-0,47230";"0,053";"0,002";"1,057";"0,472"
"63,49400";"-1,05943";"-0,49844";"0,053";"0,002";"1,058";"0,498"
"63,58800";"-1,06104";"-0,47329";"0,053";"0,002";"1,060";"0,473"
"63,64000";"-1,06200";"-0,44705";"0,053";"0,001";"1,061";"0,447"
"63,67000";"-1,06254";"-0,42187";"0,053";"0,001";"1,061";"0,422"
"63,77000";"-1,06398";"-0,41918";"0,053";"0,001";"1,063";"0,419"
"63,80400";"-1,06452";"-0,44461";"0,053";"0,001";"1,063";"0,445"
"63,88800";"-1,06596";"-0,47046";"0,053";"0,002";"1,065";"0,470"
"63,91000";"-1,06634";"-0,49665";"0,053";"0,002";"1,065";"0,497"
"63,99400";"-1,06779";"-0,47114";"0,053";"0,002";"1,066";"0,471"
"64,02000";"-1,06821";"-0,44570";"0,053";"0,001";"1,067";"0,446"
"64,11401";"-1,06971";"-0,42036";"0,053";"0,001";"1,068";"0,420"
"64,13800";"-1,07014";"-0,39363";"0,053";"0,001";"1,069";"0,394"
"64,23801";"-1,07196";"-0,41400";"0,054";"0,001";"1,071";"0,414"
"64,33000";"-1,07341";"-0,44014";"0,054";"0,001";"1,072";"0,440"
"64,43000";"-1,07496";"-0,42564";"0,054";"0,001";"1,074";"0,426"
"64,50000";"-1,07614";"-0,39984";"0,054";"0,001";"1,075";"0,400"
"64,60001";"-1,07796";"-0,38960";"0,054";"0,001";"1,077";"0,390"
"64,70000";"-1,07957";"-0,39390";"0,054";"0,001";"1,078";"0,394"
"64,74600";"-1,08027";"-0,41988";"0,054";"0,001";"1,079";"0,420"
"64,78200";"-1,08086";"-0,44566";"0,054";"0,001";"1,080";"0,446"
"64,81200";"-1,08139";"-0,47209";"0,054";"0,002";"1,080";"0,472"
"64,87200";"-1,08257";"-0,49729";"0,054";"0,002";"1,081";"0,497"
"64,97200";"-1,08407";"-0,47890";"0,054";"0,002";"1,083";"0,479"
"65,00400";"-1,08450";"-0,45357";"0,054";"0,001";"1,083";"0,454"
"65,03400";"-1,08504";"-0,42764";"0,054";"0,001";"1,084";"0,428"
"65,12200";"-1,08654";"-0,40239";"0,054";"0,001";"1,085";"0,402"
"65,22200";"-1,08830";"-0,38295";"0,054";"0,001";"1,087";"0,383"
"65,32201";"-1,08991";"-0,37986";"0,054";"0,001";"1,089";"0,380"
"65,42200";"-1,09157";"-0,39641";"0,055";"0,001";"1,090";"0,396"
"65,47000";"-1,09248";"-0,36991";"0,055";"0,001";"1,091";"0,370"
"65,49600";"-1,09296";"-0,34469";"0,055";"0,001";"1,092";"0,345"
"65,59600";"-1,09441";"-0,35819";"0,055";"0,001";"1,093";"0,358"
"65,69601";"-1,09607";"-0,37307";"0,055";"0,001";"1,095";"0,373"
"65,74800";"-1,09698";"-0,34806";"0,055";"0,001";"1,096";"0,348"
"65,84800";"-1,09875";"-0,34698";"0,055";"0,001";"1,097";"0,347"
"65,94801";"-1,10030";"-0,35416";"0,055";"0,001";"1,099";"0,354"
"66,04801";"-1,10202";"-0,33862";"0,055";"0,001";"1,101";"0,339"
"66,14800";"-1,10379";"-0,35351";"0,055";"0,001";"1,102";"0,354"
"66,18800";"-1,10432";"-0,37971";"0,055";"0,001";"1,103";"0,380"
"66,28800";"-1,10593";"-0,38943";"0,055";"0,001";"1,105";"0,389"
"66,38600";"-1,10759";"-0,36400";"0,055";"0,001";"1,106";"0,364"
"66,48600";"-1,10930";"-0,34563";"0,055";"0,001";"1,108";"0,346"
"66,56201";"-1,11054";"-0,37116";"0,055";"0,001";"1,109";"0,371"
"66,66200";"-1,11230";"-0,38405";"0,056";"0,001";"1,111";"0,384"
"66,76200";"-1,11402";"-0,39290";"0,056";"0,001";"1,113";"0,393"
"66,86200";"-1,11552";"-0,40495";"0,056";"0,001";"1,114";"0,405"
"66,96201";"-1,11718";"-0,39284";"0,056";"0,001";"1,116";"0,393"
"67,06201";"-1,11895";"-0,39345";"0,056";"0,001";"1,118";"0,393"
"67,14800";"-1,12034";"-0,36831";"0,056";"0,001";"1,119";"0,368"
"67,24800";"-1,12200";"-0,35613";"0,056";"0,001";"1,121";"0,356"
"67,34800";"-1,12382";"-0,36070";"0,056";"0,001";"1,123";"0,361"
"67,44801";"-1,12527";"-0,34213";"0,056";"0,001";"1,124";"0,342"
"67,54801";"-1,12698";"-0,33808";"0,056";"0,001";"1,126";"0,338"
"67,64800";"-1,12870";"-0,36433";"0,056";"0,001";"1,127";"0,364"
"67,74800";"-1,13036";"-0,35805";"0,056";"0,001";"1,129";"0,358"
"67,84800";"-1,13202";"-0,36119";"0,057";"0,001";"1,131";"0,361"
"67,94801";"-1,13384";"-0,36063";"0,057";"0,001";"1,133";"0,361"
"68,04801";"-1,13529";"-0,33901";"0,057";"0,001";"1,134";"0,339"
"68,14800";"-1,13695";"-0,32408";"0,057";"0,001";"1,136";"0,324"
"68,24800";"-1,13866";"-0,32464";"0,057";"0,001";"1,137";"0,325"
"68,34800";"-1,14043";"-0,30595";"0,057";"0,001";"1,139";"0,306"
"68,44801";"-1,14204";"-0,31079";"0,057";"0,001";"1,141";"0,311"
"68,54801";"-1,14386";"-0,30580";"0,057";"0,001";"1,143";"0,306"
"68,60800";"-1,14477";"-0,28043";"0,057";"0,001";"1,143";"0,280"
"68,70800";"-1,14627";"-0,28546";"0,057";"0,001";"1,145";"0,285"
"68,80801";"-1,14793";"-0,28789";"0,057";"0,001";"1,147";"0,288"
"68,90401";"-1,14964";"-0,31305";"0,057";"0,001";"1,148";"0,313"
"69,00401";"-1,15130";"-0,30730";"0,058";"0,001";"1,150";"0,307"
"69,09800";"-1,15286";"-0,33300";"0,058";"0,001";"1,152";"0,333"
"69,19801";"-1,15468";"-0,35560";"0,058";"0,001";"1,153";"0,356"
"69,29801";"-1,15612";"-0,36312";"0,058";"0,001";"1,155";"0,363"
"69,39800";"-1,15779";"-0,34691";"0,058";"0,001";"1,156";"0,347"
"69,49800";"-1,15955";"-0,33013";"0,058";"0,001";"1,158";"0,330"
"69,59800";"-1,16121";"-0,34707";"0,058";"0,001";"1,160";"0,347"
"69,66400";"-1,16223";"-0,32149";"0,058";"0,001";"1,161";"0,321"
"69,76400";"-1,16405";"-0,30905";"0,058";"0,001";"1,163";"0,309"
"69,86401";"-1,16561";"-0,32249";"0,058";"0,001";"1,164";"0,322"
"69,96401";"-1,16721";"-0,30218";"0,058";"0,001";"1,166";"0,302"
"69,99600";"-1,16775";"-0,27692";"0,058";"0,001";"1,166";"0,277"
"70,09600";"-1,16946";"-0,27835";"0,058";"0,001";"1,168";"0,278"
"70,19601";"-1,17112";"-0,28586";"0,058";"0,001";"1,170";"0,286"
"70,25601";"-1,17209";"-0,26041";"0,059";"0,001";"1,171";"0,260"
"70,35600";"-1,17386";"-0,27960";"0,059";"0,001";"1,173";"0,280"
"70,42800";"-1,17514";"-0,30505";"0,059";"0,001";"1,174";"0,305"
"70,48000";"-1,17589";"-0,28005";"0,059";"0,001";"1,175";"0,280"
"70,58000";"-1,17745";"-0,28850";"0,059";"0,001";"1,176";"0,289"
"70,68000";"-1,17921";"-0,29369";"0,059";"0,001";"1,178";"0,294"
"70,78001";"-1,18093";"-0,29188";"0,059";"0,001";"1,180";"0,292"
"70,88001";"-1,18248";"-0,30740";"0,059";"0,001";"1,181";"0,307"
"70,98000";"-1,18430";"-0,31171";"0,059";"0,001";"1,183";"0,312"
"71,08000";"-1,18591";"-0,29075";"0,059";"0,001";"1,185";"0,291"
"71,18000";"-1,18746";"-0,29188";"0,059";"0,001";"1,186";"0,292"
"71,28001";"-1,18918";"-0,29069";"0,059";"0,001";"1,188";"0,291"
"71,38001";"-1,19095";"-0,30355";"0,059";"0,001";"1,190";"0,304"
"71,48000";"-1,19250";"-0,29668";"0,060";"0,001";"1,191";"0,297"
"71,58000";"-1,19432";"-0,28388";"0,060";"0,001";"1,193";"0,284"
"71,63001";"-1,19523";"-0,25821";"0,060";"0,001";"1,194";"0,258"
"71,73000";"-1,19668";"-0,25348";"0,060";"0,001";"1,195";"0,253"
"71,83000";"-1,19834";"-0,25370";"0,060";"0,001";"1,197";"0,254"
"71,93000";"-1,20005";"-0,24492";"0,060";"0,001";"1,199";"0,245"
"72,03001";"-1,20177";"-0,25057";"0,060";"0,001";"1,200";"0,251"
"72,13001";"-1,20337";"-0,24967";"0,060";"0,001";"1,202";"0,250"
"72,23000";"-1,20520";"-0,25848";"0,060";"0,001";"1,204";"0,258"
"72,33000";"-1,20664";"-0,26019";"0,060";"0,001";"1,205";"0,260"
"72,43000";"-1,20830";"-0,27774";"0,060";"0,001";"1,207";"0,278"
"72,53001";"-1,21007";"-0,26136";"0,060";"0,001";"1,209";"0,261"
"72,63001";"-1,21173";"-0,28598";"0,061";"0,001";"1,210";"0,286"
"72,73000";"-1,21334";"-0,27161";"0,061";"0,001";"1,212";"0,272"
"72,83000";"-1,21521";"-0,25723";"0,061";"0,001";"1,214";"0,257"
"72,93000";"-1,21671";"-0,26428";"0,061";"0,001";"1,215";"0,264"
"73,03001";"-1,21827";"-0,27110";"0,061";"0,001";"1,217";"0,271"
"73,13001";"-1,22004";"-0,26478";"0,061";"0,001";"1,219";"0,265"
"73,23000";"-1,22175";"-0,26310";"0,061";"0,001";"1,220";"0,263"
"73,31201";"-1,22304";"-0,23737";"0,061";"0,001";"1,222";"0,237"
"73,41200";"-1,22486";"-0,21732";"0,061";"0,001";"1,224";"0,217"
"73,51200";"-1,22646";"-0,24152";"0,061";"0,001";"1,225";"0,242"
"73,61201";"-1,22796";"-0,25010";"0,061";"0,001";"1,227";"0,250"
"73,68401";"-1,22920";"-0,27537";"0,061";"0,001";"1,228";"0,275"
"73,70600";"-1,22957";"-0,30096";"0,061";"0,001";"1,228";"0,301"
"73,76801";"-1,23070";"-0,32732";"0,061";"0,001";"1,229";"0,327"
"73,79601";"-1,23123";"-0,35320";"0,062";"0,001";"1,230";"0,353"
"73,87000";"-1,23241";"-0,38015";"0,062";"0,001";"1,231";"0,380"
"73,89001";"-1,23268";"-0,40756";"0,062";"0,001";"1,231";"0,408"
"73,95800";"-1,23380";"-0,43276";"0,062";"0,001";"1,233";"0,433"
"74,05801";"-1,23568";"-0,41046";"0,062";"0,001";"1,234";"0,410"
"74,11800";"-1,23659";"-0,38446";"0,062";"0,001";"1,235";"0,384"
"74,16801";"-1,23729";"-0,35864";"0,062";"0,001";"1,236";"0,359"
"74,25000";"-1,23862";"-0,33237";"0,062";"0,001";"1,237";"0,332"
"74,35001";"-1,24034";"-0,31812";"0,062";"0,001";"1,239";"0,318"
"74,39600";"-1,24114";"-0,29289";"0,062";"0,001";"1,240";"0,293"
"74,49201";"-1,24275";"-0,26780";"0,062";"0,001";"1,241";"0,268"
"74,59200";"-1,24441";"-0,28406";"0,062";"0,001";"1,243";"0,284"
"74,69200";"-1,24623";"-0,26969";"0,062";"0,001";"1,245";"0,270"
"74,75800";"-1,24720";"-0,24363";"0,062";"0,001";"1,246";"0,244"
"74,82601";"-1,24821";"-0,21857";"0,062";"0,001";"1,247";"0,219"
"74,92600";"-1,24993";"-0,20145";"0,062";"0,001";"1,249";"0,201"
"75,02600";"-1,25170";"-0,19898";"0,063";"0,001";"1,250";"0,199"
"75,12601";"-1,25330";"-0,19290";"0,063";"0,001";"1,252";"0,193"
"75,22601";"-1,25502";"-0,17212";"0,063";"0,001";"1,254";"0,172"
"75,32601";"-1,25679";"-0,15974";"0,063";"0,001";"1,255";"0,160"
"75,42600";"-1,25823";"-0,17968";"0,063";"0,001";"1,257";"0,180"
"75,52600";"-1,25989";"-0,16996";"0,063";"0,001";"1,259";"0,170"
"75,62601";"-1,26166";"-0,17016";"0,063";"0,001";"1,260";"0,170"
"75,72601";"-1,26332";"-0,16535";"0,063";"0,001";"1,262";"0,165"
"75,82601";"-1,26498";"-0,16046";"0,063";"0,001";"1,264";"0,160"
"75,92600";"-1,26680";"-0,15207";"0,063";"0,000";"1,266";"0,152"
"76,02600";"-1,26825";"-0,14566";"0,063";"0,000";"1,267";"0,146"
"76,08601";"-1,26927";"-0,11993";"0,063";"0,000";"1,268";"0,120"
"76,18601";"-1,27093";"-0,09909";"0,063";"0,000";"1,270";"0,099"
"76,27001";"-1,27237";"-0,07277";"0,064";"0,000";"1,271";"0,073"
"76,33801";"-1,27350";"-0,04773";"0,064";"0,000";"1,272";"0,048"
"76,38800";"-1,27430";"-0,02258";"0,064";"0,000";"1,273";"0,023"
"76,48801";"-1,27612";"-0,02587";"0,064";"0,000";"1,275";"0,026"
"76,54401";"-1,27709";"-0,00068";"0,064";"0,000";"1,276";"0,001"
"76,64401";"-1,27854";"0,00755";"0,064";"0,000";"1,277";"-0,008"
"76,74400";"-1,28020";"0,00987";"0,064";"0,000";"1,279";"-0,010"
"76,84400";"-1,28196";"0,00020";"0,064";"0,000";"1,281";"0,000"
"76,94400";"-1,28362";"0,00007";"0,064";"0,000";"1,282";"0,000"
"77,04401";"-1,28529";"0,00022";"0,064";"0,000";"1,284";"0,000"
"77,14401";"-1,28711";"-0,00004";"0,064";"0,000";"1,286";"0,000"
"77,24400";"-1,28855";"0,00012";"0,064";"0,000";"1,287";"0,000"
"77,34400";"-1,29021";"0,00015";"0,064";"0,000";"1,289";"0,000"
"77,44400";"-1,29198";"0,00022";"0,065";"0,000";"1,291";"0,000"
"77,54401";"-1,29364";"0,00026";"0,065";"0,000";"1,292";"0,000"
"77,64401";"-1,29525";"0,00015";"0,065";"0,000";"1,294";"0,000"
"77,74400";"-1,29707";"-0,00016";"0,065";"0,000";"1,296";"0,000"
"77,84400";"-1,29857";"0,00001";"0,065";"0,000";"1,297";"0,000"
"77,94400";"-1,30023";"0,00009";"0,065";"0,000";"1,299";"0,000"
"78,04401";"-1,30195";"0,00015";"0,065";"0,000";"1,301";"0,000"
"78,14401";"-1,30366";"0,00009";"0,065";"0,000";"1,302";"0,000"
"78,24400";"-1,30527";"0,00025";"0,065";"0,000";"1,304";"0,000"
"78,34400";"-1,30709";"0,00019";"0,065";"0,000";"1,306";"0,000"
"78,44400";"-1,30859";"0,00009";"0,065";"0,000";"1,307";"0,000"
"78,54401";"-1,31020";"0,00005";"0,065";"0,000";"1,309";"0,000"
"78,64401";"-1,31191";"0,00010";"0,066";"0,000";"1,311";"0,000"
"78,74400";"-1,31362";"0,00005";"0,066";"0,000";"1,312";"0,000"
"78,84400";"-1,31523";"0,00020";"0,066";"0,000";"1,314";"0,000"
"78,94400";"-1,31705";"0,00025";"0,066";"0,000";"1,316";"0,000"
"79,04401";"-1,31861";"0,00015";"0,066";"0,000";"1,317";"0,000"
"79,14401";"-1,32016";"0,00005";"0,066";"0,000";"1,319";"0,000"
"79,24400";"-1,32193";"-0,00003";"0,066";"0,000";"1,321";"0,000"
"79,34400";"-1,32364";"-0,00005";"0,066";"0,000";"1,322";"0,000"
"79,44400";"-1,32525";"0,00009";"0,066";"0,000";"1,324";"0,000"
"79,54401";"-1,32707";"0,00001";"0,066";"0,000";"1,326";"0,000"
"79,64401";"-1,32857";"0,00032";"0,066";"0,000";"1,327";"0,000"
"79,74400";"-1,33018";"0,00012";"0,066";"0,000";"1,329";"0,000"
"79,84400";"-1,33189";"0,00032";"0,067";"0,000";"1,331";"0,000"
"79,94400";"-1,33366";"0,00028";"0,067";"0,000";"1,332";"0,000"
"80,04401";"-1,33521";"0,00020";"0,067";"0,000";"1,334";"0,000"
"80,14401";"-1,33698";"0,00029";"0,067";"0,000";"1,336";"0,000"
"80,24400";"-1,33864";"0,00009";"0,067";"0,000";"1,337";"0,000"
"80,34400";"-1,34020";"0,00006";"0,067";"0,000";"1,339";"0,000"
"80,44400";"-1,34191";"0,00021";"0,067";"0,000";"1,341";"0,000"
"80,54401";"-1,34368";"0,00010";"0,067";"0,000";"1,342";"0,000"
"80,64401";"-1,34529";"0,00011";"0,067";"0,000";"1,344";"0,000"
"80,74400";"-1,34695";"0,00006";"0,067";"0,000";"1,346";"0,000"
"80,84400";"-1,34871";"0,00023";"0,067";"0,000";"1,347";"0,000"
"80,94400";"-1,35021";"0,00018";"0,067";"0,000";"1,349";"0,000"
"81,04401";"-1,35187";"0,00020";"0,068";"0,000";"1,351";"0,000"
"81,14401";"-1,35364";"0,00010";"0,068";"0,000";"1,352";"0,000"
"81,24400";"-1,35530";"0,00001";"0,068";"0,000";"1,354";"0,000"
"81,34400";"-1,35696";"-0,00001";"0,068";"0,000";"1,356";"0,000"
"81,44400";"-1,35873";"-0,00004";"0,068";"0,000";"1,357";"0,000"
"81,54401";"-1,36023";"-0,00001";"0,068";"0,000";"1,359";"0,000"
"81,64401";"-1,36189";"0,00001";"0,068";"0,000";"1,361";"0,000"
"81,74400";"-1,36361";"0,00020";"0,068";"0,000";"1,362";"0,000"
"81,74800";"-1,36371";"0,00012";"0,068";"0,000";"1,362";"0,000"
